Entry,Entry name,Status,Protein names,Gene names,Organism,Length,Gene ontology (GO)
K1RGV7,K1RGV7_CRAGI,unreviewed,Diphosphomevalonate decarboxylase,CGI_10025894,Crassostrea gigas (Pacific oyster) (Crassostrea angulata),918,"cytosol [GO:0005829]; ATP binding [GO:0005524]; diphosphomevalonate decarboxylase activity [GO:0004163]; isopentenyl diphosphate biosynthetic process, mevalonate pathway [GO:0019287]"
K1QI81,K1QI81_CRAGI,unreviewed,Uncharacterized protein,CGI_10027027,Crassostrea gigas (Pacific oyster) (Crassostrea angulata),515,
K1PYE1,K1PYE1_CRAGI,unreviewed,Baculoviral IAP repeat-containing protein 2,CGI_10026316,Crassostrea gigas (Pacific oyster) (Crassostrea angulata),361,transcription coactivator activity [GO:0003713]; ubiquitin-protein transferase activity [GO:0004842]; negative regulation of apoptotic process [GO:0043066]; positive regulation of I-kappaB kinase/NF-kappaB signaling [GO:0043123]; protein polyubiquitination [GO:0000209]; regulation of cell cycle [GO:0051726]; regulation of cell differentiation [GO:0045595]; regulation of inflammatory response [GO:0050727]; regulation of necroptotic process [GO:0060544]; regulation of toll-like receptor signaling pathway [GO:0034121]
K1QBK1,K1QBK1_CRAGI,unreviewed,Uncharacterized protein,CGI_10002916,Crassostrea gigas (Pacific oyster) (Crassostrea angulata),152,
K1PVS9,K1PVS9_CRAGI,unreviewed,Proline-rich transmembrane protein 1,CGI_10006075,Crassostrea gigas (Pacific oyster) (Crassostrea angulata),279,integral component of membrane [GO:0016021]; response to biotic stimulus [GO:0009607]
K1RI39,K1RI39_CRAGI,unreviewed,Tctex1 domain-containing protein 1,CGI_10020125,Crassostrea gigas (Pacific oyster) (Crassostrea angulata),220,
K1QAN8,K1QAN8_CRAGI,unreviewed,Alpha-protein kinase vwkA,CGI_10011910,Crassostrea gigas (Pacific oyster) (Crassostrea angulata),318,ATP binding [GO:0005524]; protein serine/threonine kinase activity [GO:0004674]
K1REC7,K1REC7_CRAGI,unreviewed,Tripartite motif-containing protein 56,CGI_10018148,Crassostrea gigas (Pacific oyster) (Crassostrea angulata),633,intracellular [GO:0005622]; zinc ion binding [GO:0008270]
K1QJM8,K1QJM8_CRAGI,unreviewed,Collagen alpha-1(XII) chain,CGI_10019228,Crassostrea gigas (Pacific oyster) (Crassostrea angulata),656,collagen trimer [GO:0005581]
K1QBN7,K1QBN7_CRAGI,unreviewed,Uncharacterized protein,CGI_10019227,Crassostrea gigas (Pacific oyster) (Crassostrea angulata),410,
K1R176,K1R176_CRAGI,unreviewed,Cyclic AMP-dependent transcription factor ATF-5,CGI_10022808,Crassostrea gigas (Pacific oyster) (Crassostrea angulata),355,"transcription factor activity, sequence-specific DNA binding [GO:0003700]"
K1Q822,K1Q822_CRAGI,unreviewed,Uncharacterized protein,CGI_10024053,Crassostrea gigas (Pacific oyster) (Crassostrea angulata),149,
K1PYI4,K1PYI4_CRAGI,unreviewed,Sjoegren syndrome nuclear autoantigen 1,CGI_10018475,Crassostrea gigas (Pacific oyster) (Crassostrea angulata),116,
K1RYN2,K1RYN2_CRAGI,unreviewed,NFX1-type zinc finger-containing protein 1,CGI_10006224,Crassostrea gigas (Pacific oyster) (Crassostrea angulata),780,
K1QW74,K1QW74_CRAGI,unreviewed,Ankyrin-3,CGI_10022580,Crassostrea gigas (Pacific oyster) (Crassostrea angulata),431,
K1Q8Y9,K1Q8Y9_CRAGI,unreviewed,Uncharacterized protein,CGI_10000144,Crassostrea gigas (Pacific oyster) (Crassostrea angulata),303,ligand-dependent nuclear receptor transcription coactivator activity [GO:0030374]
K1RDX5,K1RDX5_CRAGI,unreviewed,Peptidyl-prolyl cis-trans isomerase (PPIase) (EC 5.2.1.8),CGI_10022249,Crassostrea gigas (Pacific oyster) (Crassostrea angulata),243,peptidyl-prolyl cis-trans isomerase activity [GO:0003755]; protein folding [GO:0006457]
K1PW08,K1PW08_CRAGI,unreviewed,Glycogen debranching enzyme,CGI_10005875,Crassostrea gigas (Pacific oyster) (Crassostrea angulata),1137,"4-alpha-glucanotransferase activity [GO:0004134]; amylo-alpha-1,6-glucosidase activity [GO:0004135]; glycogen catabolic process [GO:0005980]"
K1PTN1,K1PTN1_CRAGI,unreviewed,Poly [ADP-ribose] polymerase 14,CGI_10007048,Crassostrea gigas (Pacific oyster) (Crassostrea angulata),1077,
K1P9B8,K1P9B8_CRAGI,unreviewed,Uncharacterized protein,CGI_10006118,Crassostrea gigas (Pacific oyster) (Crassostrea angulata),114,integral component of membrane [GO:0016021]
K1RDX6,K1RDX6_CRAGI,unreviewed,"Phytanoyl-CoA dioxygenase, peroxisomal",CGI_10013924,Crassostrea gigas (Pacific oyster) (Crassostrea angulata),254,dioxygenase activity [GO:0051213]
K1QM34,K1QM34_CRAGI,unreviewed,5-hydroxytryptamine receptor 1,CGI_10025194,Crassostrea gigas (Pacific oyster) (Crassostrea angulata),480,integral component of membrane [GO:0016021]; G-protein coupled receptor activity [GO:0004930]
K1RHY7,K1RHY7_CRAGI,unreviewed,Uncharacterized protein,CGI_10014728,Crassostrea gigas (Pacific oyster) (Crassostrea angulata),522,
K1RBH2,K1RBH2_CRAGI,unreviewed,Ras-related and estrogen-regulated growth inhibitor,CGI_10021547,Crassostrea gigas (Pacific oyster) (Crassostrea angulata),236,membrane [GO:0016020]; GTP binding [GO:0005525]; GTPase activity [GO:0003924]; signal transduction [GO:0007165]
K1Q4G9,K1Q4G9_CRAGI,unreviewed,WW domain-containing oxidoreductase,CGI_10021548,Crassostrea gigas (Pacific oyster) (Crassostrea angulata),333,
B2BR16,B2BR16_CRAGI,unreviewed,Glucose-6-phosphatase (Fragment),,Crassostrea gigas (Pacific oyster) (Crassostrea angulata),43,glucose-6-phosphate dehydrogenase activity [GO:0004345]; NADP binding [GO:0050661]; glucose metabolic process [GO:0006006]
K1PU79,K1PU79_CRAGI,unreviewed,Glucose-6-phosphate 1-dehydrogenase (EC 1.1.1.49),CGI_10011948,Crassostrea gigas (Pacific oyster) (Crassostrea angulata),424,glucose-6-phosphate dehydrogenase activity [GO:0004345]; NADP binding [GO:0050661]; glucose metabolic process [GO:0006006]; pentose-phosphate shunt [GO:0006098]
K1RK66,K1RK66_CRAGI,unreviewed,Peptidoglycan recognition protein,CGI_10009905,Crassostrea gigas (Pacific oyster) (Crassostrea angulata),489,N-acetylmuramoyl-L-alanine amidase activity [GO:0008745]; zinc ion binding [GO:0008270]; peptidoglycan catabolic process [GO:0009253]
K1QTX2,K1QTX2_CRAGI,unreviewed,Uncharacterized protein,CGI_10023732,Crassostrea gigas (Pacific oyster) (Crassostrea angulata),161,
K1RZ40,K1RZ40_CRAGI,unreviewed,Uncharacterized protein,CGI_10023731,Crassostrea gigas (Pacific oyster) (Crassostrea angulata),126,
K1PIQ3,K1PIQ3_CRAGI,unreviewed,Uncharacterized protein,CGI_10011036,Crassostrea gigas (Pacific oyster) (Crassostrea angulata),426,
K1R672,K1R672_CRAGI,unreviewed,Uncharacterized protein C7orf31,CGI_10024956,Crassostrea gigas (Pacific oyster) (Crassostrea angulata),818,
K1PF13,K1PF13_CRAGI,unreviewed,Uncharacterized protein,CGI_10006728,Crassostrea gigas (Pacific oyster) (Crassostrea angulata),1031,nucleic acid binding [GO:0003676]; zinc ion binding [GO:0008270]
K1Q8H4,K1Q8H4_CRAGI,unreviewed,Polyadenylate-binding protein 4,CGI_10000462,Crassostrea gigas (Pacific oyster) (Crassostrea angulata),199,RNA binding [GO:0003723]
K1R1I1,K1R1I1_CRAGI,unreviewed,PAP-associated domain-containing protein 5,CGI_10023856,Crassostrea gigas (Pacific oyster) (Crassostrea angulata),672,nucleotidyltransferase activity [GO:0016779]
K1QDX8,K1QDX8_CRAGI,unreviewed,Uncharacterized protein,CGI_10015113,Crassostrea gigas (Pacific oyster) (Crassostrea angulata),197,
K1QAK6,K1QAK6_CRAGI,unreviewed,Dicer-like protein 2,CGI_10020752,Crassostrea gigas (Pacific oyster) (Crassostrea angulata),520,
K1QLF7,K1QLF7_CRAGI,unreviewed,Latrophilin-1,CGI_10024211,Crassostrea gigas (Pacific oyster) (Crassostrea angulata),988,extracellular region [GO:0005576]; carbohydrate binding [GO:0030246]; chitin binding [GO:0008061]; microtubule binding [GO:0008017]; chitin metabolic process [GO:0006030]
K1RQA8,K1RQA8_CRAGI,unreviewed,Uncharacterized protein,CGI_10024686,Crassostrea gigas (Pacific oyster) (Crassostrea angulata),310,
K1RTK5,K1RTK5_CRAGI,unreviewed,Heat shock 70 kDa protein 12B,CGI_10009699,Crassostrea gigas (Pacific oyster) (Crassostrea angulata),518,
K1QW88,K1QW88_CRAGI,unreviewed,Neuronal acetylcholine receptor subunit alpha-7,CGI_10009701,Crassostrea gigas (Pacific oyster) (Crassostrea angulata),630,integral component of membrane [GO:0016021]; extracellular ligand-gated ion channel activity [GO:0005230]
K1Q7F3,K1Q7F3_CRAGI,unreviewed,Uncharacterized protein,CGI_10006778,Crassostrea gigas (Pacific oyster) (Crassostrea angulata),611,
K1P8P3,K1P8P3_CRAGI,unreviewed,Uncharacterized protein CXorf22,CGI_10006978,Crassostrea gigas (Pacific oyster) (Crassostrea angulata),3175,
D7EZH1,D7EZH1_CRAGI,unreviewed,Cystatin B-like protein (Cystatin-B),CGI_10013578,Crassostrea gigas (Pacific oyster) (Crassostrea angulata),97,intracellular [GO:0005622]; cysteine-type endopeptidase inhibitor activity [GO:0004869]
K1Q2N1,K1Q2N1_CRAGI,unreviewed,Uncharacterized protein,CGI_10013581,Crassostrea gigas (Pacific oyster) (Crassostrea angulata),893,regulation of apoptotic process [GO:0042981]; signal transduction [GO:0007165]
K1R3Z5,K1R3Z5_CRAGI,unreviewed,Uncharacterized protein,CGI_10013514,Crassostrea gigas (Pacific oyster) (Crassostrea angulata),318,
K1Q337,K1Q337_CRAGI,unreviewed,Calcyclin-binding protein,CGI_10011554,Crassostrea gigas (Pacific oyster) (Crassostrea angulata),224,
K1RU23,K1RU23_CRAGI,unreviewed,Transcription termination factor 2,CGI_10022697,Crassostrea gigas (Pacific oyster) (Crassostrea angulata),1085,ATP binding [GO:0005524]
K1QMS5,K1QMS5_CRAGI,unreviewed,Cysteine dioxygenase type 1,CGI_10022693,Crassostrea gigas (Pacific oyster) (Crassostrea angulata),198,"iron ion binding [GO:0005506]; oxidoreductase activity, acting on single donors with incorporation of molecular oxygen, incorporation of two atoms of oxygen [GO:0016702]"
K1PLB5,K1PLB5_CRAGI,unreviewed,Uncharacterized protein,CGI_10001444,Crassostrea gigas (Pacific oyster) (Crassostrea angulata),67,
K1PRY7,K1PRY7_CRAGI,unreviewed,Uncharacterized protein,CGI_10003636,Crassostrea gigas (Pacific oyster) (Crassostrea angulata),144,
K1R7B1,K1R7B1_CRAGI,unreviewed,Uncharacterized protein (Fragment),CGI_10015748,Crassostrea gigas (Pacific oyster) (Crassostrea angulata),66,
K1QY01,K1QY01_CRAGI,unreviewed,GTPase IMAP family member 4,CGI_10026451,Crassostrea gigas (Pacific oyster) (Crassostrea angulata),305,GTP binding [GO:0005525]
K1QRM5,K1QRM5_CRAGI,unreviewed,GTPase SLIP-GC,CGI_10010759,Crassostrea gigas (Pacific oyster) (Crassostrea angulata),4263,
K1Q0W8,K1Q0W8_CRAGI,unreviewed,Follistatin-related protein 5,CGI_10002240,Crassostrea gigas (Pacific oyster) (Crassostrea angulata),1196,membrane [GO:0016020]; galactosyltransferase activity [GO:0008378]; protein glycosylation [GO:0006486]
K1PXP0,K1PXP0_CRAGI,unreviewed,"Acyl-CoA synthetase family member 2, mitochondrial",CGI_10008874,Crassostrea gigas (Pacific oyster) (Crassostrea angulata),565,catalytic activity [GO:0003824]; metabolic process [GO:0008152]
K1QDA6,K1QDA6_CRAGI,unreviewed,Cytochrome P450 2J1,CGI_10028310,Crassostrea gigas (Pacific oyster) (Crassostrea angulata),352,"heme binding [GO:0020037]; iron ion binding [GO:0005506]; oxidoreductase activity, acting on paired donors, with incorporation or reduction of molecular oxygen, reduced flavin or flavoprotein as one donor, and incorporation of one atom of oxygen [GO:0016712]"
K1PG14,K1PG14_CRAGI,unreviewed,Voltage-gated hydrogen channel 1,CGI_10001369,Crassostrea gigas (Pacific oyster) (Crassostrea angulata),844,
K1RL35,K1RL35_CRAGI,unreviewed,Solute carrier family 25 member 36 (Fragment),CGI_10023636,Crassostrea gigas (Pacific oyster) (Crassostrea angulata),305,integral component of membrane [GO:0016021]; transport [GO:0006810]
K1QCK8,K1QCK8_CRAGI,unreviewed,7-dehydrocholesterol reductase,CGI_10009030,Crassostrea gigas (Pacific oyster) (Crassostrea angulata),436,"integral component of membrane [GO:0016021]; oxidoreductase activity, acting on the CH-CH group of donors, NAD or NADP as acceptor [GO:0016628]"
K1PCK7,K1PCK7_CRAGI,unreviewed,Uncharacterized protein,CGI_10009106,Crassostrea gigas (Pacific oyster) (Crassostrea angulata),222,
K1RI78,K1RI78_CRAGI,unreviewed,Pyroglutamyl-peptidase 1,CGI_10004706,Crassostrea gigas (Pacific oyster) (Crassostrea angulata),203,cytosol [GO:0005829]; pyroglutamyl-peptidase activity [GO:0016920]
K1R1I9,K1R1I9_CRAGI,unreviewed,"Neuroligin-4, Y-linked",CGI_10022322,Crassostrea gigas (Pacific oyster) (Crassostrea angulata),1321,hydrolase activity [GO:0016787]; signal transduction [GO:0007165]
K1QHI4,K1QHI4_CRAGI,unreviewed,Transmembrane and TPR repeat-containing protein 2,CGI_10014319,Crassostrea gigas (Pacific oyster) (Crassostrea angulata),791,integral component of membrane [GO:0016021]
K1Q9R6,K1Q9R6_CRAGI,unreviewed,GTPase IMAP family member 7,CGI_10019948,Crassostrea gigas (Pacific oyster) (Crassostrea angulata),669,GTP binding [GO:0005525]
K1PSL5,K1PSL5_CRAGI,unreviewed,Uncharacterized protein,CGI_10010107,Crassostrea gigas (Pacific oyster) (Crassostrea angulata),795,
K1Q098,K1Q098_CRAGI,unreviewed,DNA (Cytosine-5)-methyltransferase 3A,CGI_10019546,Crassostrea gigas (Pacific oyster) (Crassostrea angulata),824,methyltransferase activity [GO:0008168]
K1QRQ2,K1QRQ2_CRAGI,unreviewed,"Glutamate dehydrogenase 1, mitochondrial",CGI_10017227,Crassostrea gigas (Pacific oyster) (Crassostrea angulata),542,glutamate dehydrogenase (NAD+) activity [GO:0004352]; cellular amino acid metabolic process [GO:0006520]
K1RA27,K1RA27_CRAGI,unreviewed,Uncharacterized protein,CGI_10007430,Crassostrea gigas (Pacific oyster) (Crassostrea angulata),1004,
K1PXU8,K1PXU8_CRAGI,unreviewed,T-box transcription factor TBX2,CGI_10016324,Crassostrea gigas (Pacific oyster) (Crassostrea angulata),647,"nucleus [GO:0005634]; DNA binding [GO:0003677]; transcription factor activity, sequence-specific DNA binding [GO:0003700]; transcription, DNA-templated [GO:0006351]"
K1PGX1,K1PGX1_CRAGI,unreviewed,Major facilitator superfamily domain-containing protein 6,CGI_10014967,Crassostrea gigas (Pacific oyster) (Crassostrea angulata),798,integral component of membrane [GO:0016021]
K1QQP1,K1QQP1_CRAGI,unreviewed,Programmed cell death protein 4,CGI_10028820,Crassostrea gigas (Pacific oyster) (Crassostrea angulata),447,
K1Q935,K1Q935_CRAGI,unreviewed,Uncharacterized protein,CGI_10022372,Crassostrea gigas (Pacific oyster) (Crassostrea angulata),4149,ATPase activity [GO:0016887]; ubiquitin-protein transferase activity [GO:0004842]
K1P6T3,K1P6T3_CRAGI,unreviewed,Sodium-and chloride-dependent glycine transporter 2,CGI_10001287,Crassostrea gigas (Pacific oyster) (Crassostrea angulata),520,integral component of membrane [GO:0016021]; neurotransmitter:sodium symporter activity [GO:0005328]
K1QNM6,K1QNM6_CRAGI,unreviewed,IL17-5,CGI_10004922,Crassostrea gigas (Pacific oyster) (Crassostrea angulata),132,extracellular region [GO:0005576]; cytokine activity [GO:0005125]
K1RNZ4,K1RNZ4_CRAGI,unreviewed,Uncharacterized protein,CGI_10024808,Crassostrea gigas (Pacific oyster) (Crassostrea angulata),303,integral component of membrane [GO:0016021]
K1QW78,K1QW78_CRAGI,unreviewed,Homeobox protein LOX2,CGI_10026562,Crassostrea gigas (Pacific oyster) (Crassostrea angulata),277,"nucleus [GO:0005634]; sequence-specific DNA binding [GO:0043565]; regulation of transcription, DNA-templated [GO:0006355]"
K1PG80,K1PG80_CRAGI,unreviewed,Kinesin-like protein KIF26A,CGI_10005796,Crassostrea gigas (Pacific oyster) (Crassostrea angulata),1875,ATP binding [GO:0005524]; microtubule binding [GO:0008017]; microtubule motor activity [GO:0003777]; microtubule-based movement [GO:0007018]
K1QRD6,K1QRD6_CRAGI,unreviewed,Exonuclease 3'-5' domain-containing protein 1,CGI_10027907,Crassostrea gigas (Pacific oyster) (Crassostrea angulata),456,3'-5' exonuclease activity [GO:0008408]; nucleic acid binding [GO:0003676]
K1RXY7,K1RXY7_CRAGI,unreviewed,Hemicentin-1,CGI_10016618,Crassostrea gigas (Pacific oyster) (Crassostrea angulata),1299,carbohydrate binding [GO:0030246]
K1PYT4,K1PYT4_CRAGI,unreviewed,RIB43A-like with coiled-coils protein 2,CGI_10012093,Crassostrea gigas (Pacific oyster) (Crassostrea angulata),379,
K1Q8J9,K1Q8J9_CRAGI,unreviewed,Coiled-coil domain-containing protein C6orf97,CGI_10014879,Crassostrea gigas (Pacific oyster) (Crassostrea angulata),764,
K1PGS9,K1PGS9_CRAGI,unreviewed,Uncharacterized protein,CGI_10005278,Crassostrea gigas (Pacific oyster) (Crassostrea angulata),218,
K1QTX3,K1QTX3_CRAGI,unreviewed,Melatonin receptor type 1A,CGI_10026836,Crassostrea gigas (Pacific oyster) (Crassostrea angulata),295,integral component of membrane [GO:0016021]; G-protein coupled receptor activity [GO:0004930]
K1RA05,K1RA05_CRAGI,unreviewed,GTP-binding protein RAD,CGI_10018706,Crassostrea gigas (Pacific oyster) (Crassostrea angulata),374,membrane [GO:0016020]; GTP binding [GO:0005525]; GTPase activity [GO:0003924]; signal transduction [GO:0007165]
K1QYN9,K1QYN9_CRAGI,unreviewed,Prolactin-releasing peptide receptor,CGI_10025253,Crassostrea gigas (Pacific oyster) (Crassostrea angulata),297,integral component of membrane [GO:0016021]; G-protein coupled receptor activity [GO:0004930]
K1R3B6,K1R3B6_CRAGI,unreviewed,Tripartite motif-containing protein 3,CGI_10015224,Crassostrea gigas (Pacific oyster) (Crassostrea angulata),497,intracellular [GO:0005622]; zinc ion binding [GO:0008270]
K1RD00,K1RD00_CRAGI,unreviewed,"Acyl-CoA synthetase family member 2, mitochondrial",CGI_10008536,Crassostrea gigas (Pacific oyster) (Crassostrea angulata),565,catalytic activity [GO:0003824]; metabolic process [GO:0008152]
K1PKM6,K1PKM6_CRAGI,unreviewed,Cysteine dioxygenase type 1,CGI_10002589,Crassostrea gigas (Pacific oyster) (Crassostrea angulata),559,"iron ion binding [GO:0005506]; oxidoreductase activity, acting on single donors with incorporation of molecular oxygen, incorporation of two atoms of oxygen [GO:0016702]"
K1Q1N1,K1Q1N1_CRAGI,unreviewed,Alpha-mannosidase (EC 3.2.1.-),CGI_10001588,Crassostrea gigas (Pacific oyster) (Crassostrea angulata),1074,alpha-mannosidase activity [GO:0004559]; carbohydrate binding [GO:0030246]; metal ion binding [GO:0046872]; mannose metabolic process [GO:0006013]
K1QKQ0,K1QKQ0_CRAGI,unreviewed,Transcription factor IIIB 50 kDa subunit,CGI_10019151,Crassostrea gigas (Pacific oyster) (Crassostrea angulata),501,"DNA-templated transcriptional preinitiation complex assembly [GO:0070897]; regulation of transcription, DNA-templated [GO:0006355]"
K1QGP7,K1QGP7_CRAGI,unreviewed,Uncharacterized protein,CGI_10005386,Crassostrea gigas (Pacific oyster) (Crassostrea angulata),331,integral component of membrane [GO:0016021]
K1Q7P1,K1Q7P1_CRAGI,unreviewed,Uncharacterized protein,CGI_10008533,Crassostrea gigas (Pacific oyster) (Crassostrea angulata),294,
K1RMV4,K1RMV4_CRAGI,unreviewed,Tripartite motif-containing protein 71,CGI_10022151,Crassostrea gigas (Pacific oyster) (Crassostrea angulata),604,intracellular [GO:0005622]; zinc ion binding [GO:0008270]
K1QMA6,K1QMA6_CRAGI,unreviewed,Aquaporin,CGI_10001489,Crassostrea gigas (Pacific oyster) (Crassostrea angulata),280,integral component of membrane [GO:0016021]; transporter activity [GO:0005215]
K1RGR7,K1RGR7_CRAGI,unreviewed,Uncharacterized protein,CGI_10023586,Crassostrea gigas (Pacific oyster) (Crassostrea angulata),87,
K1QQ17,K1QQ17_CRAGI,unreviewed,Uncharacterized protein,CGI_10019755,Crassostrea gigas (Pacific oyster) (Crassostrea angulata),215,
K1QK26,K1QK26_CRAGI,unreviewed,Uncharacterized protein,CGI_10027444,Crassostrea gigas (Pacific oyster) (Crassostrea angulata),826,
K1R5K5,K1R5K5_CRAGI,unreviewed,Uncharacterized protein,CGI_10027445,Crassostrea gigas (Pacific oyster) (Crassostrea angulata),522,ligand-dependent nuclear receptor transcription coactivator activity [GO:0030374]
K1PFJ8,K1PFJ8_CRAGI,unreviewed,Fumarylacetoacetate hydrolase domain-containing protein 2,CGI_10001875,Crassostrea gigas (Pacific oyster) (Crassostrea angulata),204,hydrolase activity [GO:0016787]; metabolic process [GO:0008152]
K1PBZ7,K1PBZ7_CRAGI,unreviewed,Sjoegren syndrome nuclear autoantigen 1,CGI_10004077,Crassostrea gigas (Pacific oyster) (Crassostrea angulata),179,
K1PW59,K1PW59_CRAGI,unreviewed,Uncharacterized protein,CGI_10020924,Crassostrea gigas (Pacific oyster) (Crassostrea angulata),957,calcium ion binding [GO:0005509]
K1R0C2,K1R0C2_CRAGI,unreviewed,Cysteine-rich motor neuron 1 protein,CGI_10018306,Crassostrea gigas (Pacific oyster) (Crassostrea angulata),641,extracellular region [GO:0005576]; insulin-like growth factor binding [GO:0005520]; serine-type endopeptidase inhibitor activity [GO:0004867]; regulation of cell growth [GO:0001558]
K1QVD7,K1QVD7_CRAGI,unreviewed,Neuronal acetylcholine receptor subunit non-alpha-2,CGI_10016138,Crassostrea gigas (Pacific oyster) (Crassostrea angulata),1062,integral component of membrane [GO:0016021]; extracellular ligand-gated ion channel activity [GO:0005230]
K1RAR0,K1RAR0_CRAGI,unreviewed,Transporter,CGI_10022990,Crassostrea gigas (Pacific oyster) (Crassostrea angulata),834,integral component of membrane [GO:0016021]; neurotransmitter:sodium symporter activity [GO:0005328]
K1RAP5,K1RAP5_CRAGI,unreviewed,Doublesex-and mab-3-related transcription factor A2,CGI_10015952,Crassostrea gigas (Pacific oyster) (Crassostrea angulata),359,"nucleus [GO:0005634]; metal ion binding [GO:0046872]; sequence-specific DNA binding [GO:0043565]; transcription factor activity, sequence-specific DNA binding [GO:0003700]"
K1Q9A8,K1Q9A8_CRAGI,unreviewed,Uncharacterized protein,CGI_10014308,Crassostrea gigas (Pacific oyster) (Crassostrea angulata),784,ATP binding [GO:0005524]; protein kinase activity [GO:0004672]
K1PI86,K1PI86_CRAGI,unreviewed,Translation initiation factor eIF-2B subunit epsilon,CGI_10004132,Crassostrea gigas (Pacific oyster) (Crassostrea angulata),681,nucleotidyltransferase activity [GO:0016779]; translation initiation factor activity [GO:0003743]
K1QL19,K1QL19_CRAGI,unreviewed,Hexosyltransferase (EC 2.4.1.-),CGI_10018095,Crassostrea gigas (Pacific oyster) (Crassostrea angulata),362,Golgi membrane [GO:0000139]; integral component of membrane [GO:0016021]; galactosyltransferase activity [GO:0008378]; protein glycosylation [GO:0006486]
K1R8Z9,K1R8Z9_CRAGI,unreviewed,Amino acid transporter,CGI_10017841,Crassostrea gigas (Pacific oyster) (Crassostrea angulata),509,integral component of membrane [GO:0016021]; symporter activity [GO:0015293]
K1RD14,K1RD14_CRAGI,unreviewed,Amino acid transporter,CGI_10008546,Crassostrea gigas (Pacific oyster) (Crassostrea angulata),499,integral component of membrane [GO:0016021]; symporter activity [GO:0015293]
K1QJ88,K1QJ88_CRAGI,unreviewed,Signal transducing adapter molecule 2,CGI_10016438,Crassostrea gigas (Pacific oyster) (Crassostrea angulata),744,intracellular [GO:0005622]; intracellular protein transport [GO:0006886]
K1RVZ4,K1RVZ4_CRAGI,unreviewed,Extracellular superoxide dismutase [Cu-Zn],CGI_10018833,Crassostrea gigas (Pacific oyster) (Crassostrea angulata),192,metal ion binding [GO:0046872]; oxidation-reduction process [GO:0055114]; superoxide metabolic process [GO:0006801]
K1QKA1,K1QKA1_CRAGI,unreviewed,Hairy/enhancer-of-split related with YRPW motif protein 1,CGI_10018323,Crassostrea gigas (Pacific oyster) (Crassostrea angulata),300,"nucleus [GO:0005634]; DNA binding [GO:0003677]; protein dimerization activity [GO:0046983]; regulation of transcription, DNA-templated [GO:0006355]; transcription, DNA-templated [GO:0006351]"
K1Q8X1,K1Q8X1_CRAGI,unreviewed,Uncharacterized protein,CGI_10013679,Crassostrea gigas (Pacific oyster) (Crassostrea angulata),131,
K1R1Z8,K1R1Z8_CRAGI,unreviewed,Putative D-tyrosyl-tRNA(Tyr) deacylase 2,CGI_10013980,Crassostrea gigas (Pacific oyster) (Crassostrea angulata),164,cytoplasm [GO:0005737]; D-aminoacyl-tRNA deacylase activity [GO:0051499]
K1QT98,K1QT98_CRAGI,unreviewed,Hsp70-binding protein 1,CGI_10012734,Crassostrea gigas (Pacific oyster) (Crassostrea angulata),322,
K1QXT1,K1QXT1_CRAGI,unreviewed,Uncharacterized protein,CGI_10025813,Crassostrea gigas (Pacific oyster) (Crassostrea angulata),476,
K1Q0E3,K1Q0E3_CRAGI,unreviewed,Homeobox protein DBX1-A,CGI_10002480,Crassostrea gigas (Pacific oyster) (Crassostrea angulata),341,"nucleus [GO:0005634]; sequence-specific DNA binding [GO:0043565]; regulation of transcription, DNA-templated [GO:0006355]"
K1Q101,K1Q101_CRAGI,unreviewed,Uncharacterized protein,CGI_10002180,Crassostrea gigas (Pacific oyster) (Crassostrea angulata),139,calcium ion binding [GO:0005509]
K1RKQ0,K1RKQ0_CRAGI,unreviewed,Noelin-3,CGI_10027595,Crassostrea gigas (Pacific oyster) (Crassostrea angulata),486,
K1PQ41,K1PQ41_CRAGI,unreviewed,Uncharacterized protein C3orf59,CGI_10021916,Crassostrea gigas (Pacific oyster) (Crassostrea angulata),1246,
K1QES9,K1QES9_CRAGI,unreviewed,Annexin (Fragment),CGI_10022552,Crassostrea gigas (Pacific oyster) (Crassostrea angulata),290,calcium ion binding [GO:0005509]; calcium-dependent phospholipid binding [GO:0005544]
K1R2P9,K1R2P9_CRAGI,unreviewed,Protein mab-21-like 2-B,CGI_10022555,Crassostrea gigas (Pacific oyster) (Crassostrea angulata),359,
K1QVM2,K1QVM2_CRAGI,unreviewed,Rho-related GTP-binding protein RhoJ,CGI_10028641,Crassostrea gigas (Pacific oyster) (Crassostrea angulata),191,intracellular [GO:0005622]; membrane [GO:0016020]; GTP binding [GO:0005525]; GTPase activity [GO:0003924]; small GTPase mediated signal transduction [GO:0007264]
K1QHT5,K1QHT5_CRAGI,unreviewed,Sacsin,CGI_10019895,Crassostrea gigas (Pacific oyster) (Crassostrea angulata),1679,
K1QLV1,K1QLV1_CRAGI,unreviewed,"L-threonine 3-dehydrogenase, mitochondrial",CGI_10001936,Crassostrea gigas (Pacific oyster) (Crassostrea angulata),359,catalytic activity [GO:0003824]; coenzyme binding [GO:0050662]
K1PXG3,K1PXG3_CRAGI,unreviewed,Uncharacterized protein,CGI_10011841,Crassostrea gigas (Pacific oyster) (Crassostrea angulata),169,integral component of membrane [GO:0016021]; ion transport [GO:0006811]
K1QCY8,K1QCY8_CRAGI,unreviewed,Neuronal acetylcholine receptor subunit alpha-6,CGI_10011838,Crassostrea gigas (Pacific oyster) (Crassostrea angulata),417,integral component of membrane [GO:0016021]; extracellular ligand-gated ion channel activity [GO:0005230]
K1QCZ7,K1QCZ7_CRAGI,unreviewed,Neuronal acetylcholine receptor subunit alpha-6,CGI_10011843,Crassostrea gigas (Pacific oyster) (Crassostrea angulata),417,integral component of membrane [GO:0016021]; extracellular ligand-gated ion channel activity [GO:0005230]
K1PY34,K1PY34_CRAGI,unreviewed,Sodium-coupled monocarboxylate transporter 2,CGI_10003941,Crassostrea gigas (Pacific oyster) (Crassostrea angulata),648,integral component of membrane [GO:0016021]; transporter activity [GO:0005215]; transmembrane transport [GO:0055085]
K1Q1T0,K1Q1T0_CRAGI,unreviewed,Tripartite motif-containing protein 2,CGI_10022662,Crassostrea gigas (Pacific oyster) (Crassostrea angulata),411,
K1R1K7,K1R1K7_CRAGI,unreviewed,Nucleoside diphosphate kinase-like protein 5,CGI_10021162,Crassostrea gigas (Pacific oyster) (Crassostrea angulata),207,nucleoside diphosphate kinase activity [GO:0004550]; CTP biosynthetic process [GO:0006241]; GTP biosynthetic process [GO:0006183]; spermatid differentiation [GO:0048515]; UTP biosynthetic process [GO:0006228]
K1RNG7,K1RNG7_CRAGI,unreviewed,Uncharacterized protein,CGI_10021160,Crassostrea gigas (Pacific oyster) (Crassostrea angulata),173,
K1QPP8,K1QPP8_CRAGI,unreviewed,Interferon-related developmental regulator 1,CGI_10013896,Crassostrea gigas (Pacific oyster) (Crassostrea angulata),285,
K1QN54,K1QN54_CRAGI,unreviewed,Brain protein 16,CGI_10024527,Crassostrea gigas (Pacific oyster) (Crassostrea angulata),424,
K1Q066,K1Q066_CRAGI,unreviewed,Growth/differentiation factor 8,CGI_10026196,Crassostrea gigas (Pacific oyster) (Crassostrea angulata),395,extracellular region [GO:0005576]; growth factor activity [GO:0008083]
K1RVE9,K1RVE9_CRAGI,unreviewed,ATP-binding cassette sub-family A member 1,CGI_10020425,Crassostrea gigas (Pacific oyster) (Crassostrea angulata),2049,integral component of membrane [GO:0016021]; ATP binding [GO:0005524]; ATPase activity [GO:0016887]; transporter activity [GO:0005215]
K1Q6V8,K1Q6V8_CRAGI,unreviewed,Uncharacterized protein,CGI_10007361,Crassostrea gigas (Pacific oyster) (Crassostrea angulata),718,ATPase activity [GO:0016887]; ubiquitin-protein transferase activity [GO:0004842]
K1RKJ5,K1RKJ5_CRAGI,unreviewed,Potassium voltage-gated channel subfamily C member 2,CGI_10024636,Crassostrea gigas (Pacific oyster) (Crassostrea angulata),761,voltage-gated potassium channel complex [GO:0008076]; voltage-gated potassium channel activity [GO:0005249]; protein homooligomerization [GO:0051260]
K1PIG2,K1PIG2_CRAGI,unreviewed,Metabotropic glutamate receptor 5,CGI_10011668,Crassostrea gigas (Pacific oyster) (Crassostrea angulata),873,integral component of membrane [GO:0016021]; plasma membrane [GO:0005886]; G-protein coupled receptor activity [GO:0004930]
K1PI99,K1PI99_CRAGI,unreviewed,Tyrosine-protein kinase transmembrane receptor Ror,CGI_10011806,Crassostrea gigas (Pacific oyster) (Crassostrea angulata),539,integral component of membrane [GO:0016021]; ATP binding [GO:0005524]; protein tyrosine kinase activity [GO:0004713]
K1QI57,K1QI57_CRAGI,unreviewed,Tripartite motif-containing protein 3,CGI_10028543,Crassostrea gigas (Pacific oyster) (Crassostrea angulata),697,intracellular [GO:0005622]; zinc ion binding [GO:0008270]
K1PEZ7,K1PEZ7_CRAGI,unreviewed,Uncharacterized protein,CGI_10006757,Crassostrea gigas (Pacific oyster) (Crassostrea angulata),78,
K1PBB1,K1PBB1_CRAGI,unreviewed,Stress-induced-phosphoprotein 1,CGI_10011125,Crassostrea gigas (Pacific oyster) (Crassostrea angulata),564,
K1PZL2,K1PZL2_CRAGI,unreviewed,"Maltase-glucoamylase, intestinal",CGI_10012085,Crassostrea gigas (Pacific oyster) (Crassostrea angulata),2700,"integral component of membrane [GO:0016021]; carbohydrate binding [GO:0030246]; hydrolase activity, hydrolyzing O-glycosyl compounds [GO:0004553]; carbohydrate metabolic process [GO:0005975]"
K1R2U3,K1R2U3_CRAGI,unreviewed,Tetratricopeptide repeat protein 1,CGI_10009454,Crassostrea gigas (Pacific oyster) (Crassostrea angulata),254,
K1RM35,K1RM35_CRAGI,unreviewed,Uncharacterized protein,CGI_10009096,Crassostrea gigas (Pacific oyster) (Crassostrea angulata),279,integral component of membrane [GO:0016021]; tumor necrosis factor receptor binding [GO:0005164]; immune response [GO:0006955]
K1QHB3,K1QHB3_CRAGI,unreviewed,Uncharacterized protein,CGI_10018401,Crassostrea gigas (Pacific oyster) (Crassostrea angulata),237,
K1QHN3,K1QHN3_CRAGI,unreviewed,SLIT and NTRK-like protein 2,CGI_10011574,Crassostrea gigas (Pacific oyster) (Crassostrea angulata),626,integral component of membrane [GO:0016021]
K1PWG5,K1PWG5_CRAGI,unreviewed,Putative palmitoyltransferase ZDHHC13,CGI_10018937,Crassostrea gigas (Pacific oyster) (Crassostrea angulata),367,intracellular [GO:0005622]; transferase activity [GO:0016740]; intracellular signal transduction [GO:0035556]
Q9GPJ2,Q9GPJ2_CRAGI,unreviewed,Metalloproteinase inhibitor 1 (Tissue inhibitor of metalloproteinase TIMP),CGI_10020628,Crassostrea gigas (Pacific oyster) (Crassostrea angulata),221,extracellular region [GO:0005576]; metalloendopeptidase inhibitor activity [GO:0008191]
K1QM26,K1QM26_CRAGI,unreviewed,Proline-rich transmembrane protein 1,CGI_10001699,Crassostrea gigas (Pacific oyster) (Crassostrea angulata),132,integral component of membrane [GO:0016021]; response to biotic stimulus [GO:0009607]
K1PNH8,K1PNH8_CRAGI,unreviewed,BTB/POZ domain-containing protein 2,CGI_10016164,Crassostrea gigas (Pacific oyster) (Crassostrea angulata),432,
K1PMI1,K1PMI1_CRAGI,unreviewed,SAM domain and HD domain-containing protein 1,CGI_10014892,Crassostrea gigas (Pacific oyster) (Crassostrea angulata),222,
K1QR76,K1QR76_CRAGI,unreviewed,Dual specificity tyrosine-phosphorylation-regulated kinase 2,CGI_10020062,Crassostrea gigas (Pacific oyster) (Crassostrea angulata),555,ATP binding [GO:0005524]; protein kinase activity [GO:0004672]
K1QVS4,K1QVS4_CRAGI,unreviewed,Uncharacterized protein,CGI_10014845,Crassostrea gigas (Pacific oyster) (Crassostrea angulata),136,
K1QZ87,K1QZ87_CRAGI,unreviewed,Sphingosine-1-phosphate phosphatase 2,CGI_10017264,Crassostrea gigas (Pacific oyster) (Crassostrea angulata),444,integral component of membrane [GO:0016021]
K1QU18,K1QU18_CRAGI,unreviewed,Uncharacterized protein,CGI_10028359,Crassostrea gigas (Pacific oyster) (Crassostrea angulata),195,
K1PHB6,K1PHB6_CRAGI,unreviewed,Uncharacterized protein,CGI_10008733,Crassostrea gigas (Pacific oyster) (Crassostrea angulata),255,
K1PTF7,K1PTF7_CRAGI,unreviewed,Uncharacterized protein,CGI_10020159,Crassostrea gigas (Pacific oyster) (Crassostrea angulata),631,
K1PBT2,K1PBT2_CRAGI,unreviewed,Ankyrin-1,CGI_10004252,Crassostrea gigas (Pacific oyster) (Crassostrea angulata),227,
K1Q1T5,K1Q1T5_CRAGI,unreviewed,Uncharacterized protein,CGI_10022667,Crassostrea gigas (Pacific oyster) (Crassostrea angulata),1461,
K1R4W0,K1R4W0_CRAGI,unreviewed,Neuronal acetylcholine receptor subunit alpha-10,CGI_10011845,Crassostrea gigas (Pacific oyster) (Crassostrea angulata),413,integral component of membrane [GO:0016021]; extracellular ligand-gated ion channel activity [GO:0005230]
K1PIC0,K1PIC0_CRAGI,unreviewed,Putative E3 ubiquitin-protein ligase HERC2,CGI_10021893,Crassostrea gigas (Pacific oyster) (Crassostrea angulata),743,ligase activity [GO:0016874]; metal ion binding [GO:0046872]; ubiquitin-protein transferase activity [GO:0004842]
K1P3D7,K1P3D7_CRAGI,unreviewed,Uncharacterized protein,CGI_10013876,Crassostrea gigas (Pacific oyster) (Crassostrea angulata),576,intracellular [GO:0005622]; zinc ion binding [GO:0008270]
K1RQ81,K1RQ81_CRAGI,unreviewed,Uncharacterized protein C15orf26-like protein,CGI_10024666,Crassostrea gigas (Pacific oyster) (Crassostrea angulata),285,membrane [GO:0016020]
K1R8V9,K1R8V9_CRAGI,unreviewed,Arylsulfatase I,CGI_10028027,Crassostrea gigas (Pacific oyster) (Crassostrea angulata),545,sulfuric ester hydrolase activity [GO:0008484]; metabolic process [GO:0008152]
K1QRP7,K1QRP7_CRAGI,unreviewed,5-hydroxytryptamine receptor 2A,CGI_10012065,Crassostrea gigas (Pacific oyster) (Crassostrea angulata),875,integral component of membrane [GO:0016021]; G-protein coupled receptor activity [GO:0004930]
K1PQP4,K1PQP4_CRAGI,unreviewed,Uncharacterized protein,CGI_10004062,Crassostrea gigas (Pacific oyster) (Crassostrea angulata),176,integral component of membrane [GO:0016021]
K1PBH0,K1PBH0_CRAGI,unreviewed,Uncharacterized protein,CGI_10010852,Crassostrea gigas (Pacific oyster) (Crassostrea angulata),755,intracellular [GO:0005622]; zinc ion binding [GO:0008270]
K1PQZ0,K1PQZ0_CRAGI,unreviewed,Guanylate cyclase (EC 4.6.1.2),CGI_10004208,Crassostrea gigas (Pacific oyster) (Crassostrea angulata),1127,integral component of membrane [GO:0016021]; intracellular [GO:0005622]; ATP binding [GO:0005524]; guanylate cyclase activity [GO:0004383]; protein kinase activity [GO:0004672]; intracellular signal transduction [GO:0035556]
K1QAL8,K1QAL8_CRAGI,unreviewed,Uridine phosphorylase 2,CGI_10005155,Crassostrea gigas (Pacific oyster) (Crassostrea angulata),302,cytoplasm [GO:0005737]; uridine phosphorylase activity [GO:0004850]; nucleoside metabolic process [GO:0009116]; nucleotide catabolic process [GO:0009166]
K1PUM2,K1PUM2_CRAGI,unreviewed,Histone H2A,CGI_10008058 CGI_10008063 CGI_10008065 CGI_10008069 CGI_10008074 CGI_10008079 CGI_10008084,Crassostrea gigas (Pacific oyster) (Crassostrea angulata),126,nucleosome [GO:0000786]; nucleus [GO:0005634]; DNA binding [GO:0003677]; protein heterodimerization activity [GO:0046982]
K1P923,K1P923_CRAGI,unreviewed,Ankyrin repeat and SAM domain-containing protein 1A,CGI_10017703,Crassostrea gigas (Pacific oyster) (Crassostrea angulata),365,aspartic-type endopeptidase activity [GO:0004190]
K1R7Q9,K1R7Q9_CRAGI,unreviewed,Uncharacterized protein,CGI_10026431,Crassostrea gigas (Pacific oyster) (Crassostrea angulata),175,extracellular region [GO:0005576]; calcium ion binding [GO:0005509]; cell-matrix adhesion [GO:0007160]
K1Q4L3,K1Q4L3_CRAGI,unreviewed,Neuronal acetylcholine receptor subunit alpha-3,CGI_10020200,Crassostrea gigas (Pacific oyster) (Crassostrea angulata),407,integral component of membrane [GO:0016021]; extracellular ligand-gated ion channel activity [GO:0005230]
K1QMH8,K1QMH8_CRAGI,unreviewed,E3 ubiquitin-protein ligase TRIM33,CGI_10013745,Crassostrea gigas (Pacific oyster) (Crassostrea angulata),372,intracellular [GO:0005622]; ligase activity [GO:0016874]; zinc ion binding [GO:0008270]
K1PFT9,K1PFT9_CRAGI,unreviewed,Transgelin,CGI_10006016,Crassostrea gigas (Pacific oyster) (Crassostrea angulata),187,
K1QD91,K1QD91_CRAGI,unreviewed,Ankyrin repeat and MYND domain-containing protein 1,CGI_10028289,Crassostrea gigas (Pacific oyster) (Crassostrea angulata),1138,
K1Q1K0,K1Q1K0_CRAGI,unreviewed,Uncharacterized protein,CGI_10023926,Crassostrea gigas (Pacific oyster) (Crassostrea angulata),213,
K1RWI3,K1RWI3_CRAGI,unreviewed,Calpain-5,CGI_10006438,Crassostrea gigas (Pacific oyster) (Crassostrea angulata),636,intracellular [GO:0005622]; calcium-dependent cysteine-type endopeptidase activity [GO:0004198]
K1PNF7,K1PNF7_CRAGI,unreviewed,Uncharacterized protein,CGI_10009209,Crassostrea gigas (Pacific oyster) (Crassostrea angulata),228,
K1QEM9,K1QEM9_CRAGI,unreviewed,Tctex1 domain-containing protein 1,CGI_10007786,Crassostrea gigas (Pacific oyster) (Crassostrea angulata),207,
K1QCA4,K1QCA4_CRAGI,unreviewed,Amine oxidase (EC 1.4.3.-),CGI_10027665,Crassostrea gigas (Pacific oyster) (Crassostrea angulata),1645,copper ion binding [GO:0005507]; primary amine oxidase activity [GO:0008131]; quinone binding [GO:0048038]; amine metabolic process [GO:0009308]
K1Q473,K1Q473_CRAGI,unreviewed,Uncharacterized protein,CGI_10004343,Crassostrea gigas (Pacific oyster) (Crassostrea angulata),397,
K1Q3E4,K1Q3E4_CRAGI,unreviewed,Uncharacterized protein,CGI_10019612,Crassostrea gigas (Pacific oyster) (Crassostrea angulata),3111,
K1QPG7,K1QPG7_CRAGI,unreviewed,Uncharacterized protein,CGI_10019608,Crassostrea gigas (Pacific oyster) (Crassostrea angulata),484,integral component of membrane [GO:0016021]
K1QAV1,K1QAV1_CRAGI,unreviewed,Uncharacterized protein,CGI_10026370,Crassostrea gigas (Pacific oyster) (Crassostrea angulata),674,signal transduction [GO:0007165]
K1QIV5,K1QIV5_CRAGI,unreviewed,Uncharacterized protein,CGI_10019051,Crassostrea gigas (Pacific oyster) (Crassostrea angulata),191,integral component of membrane [GO:0016021]; cholestenol delta-isomerase activity [GO:0047750]; sterol metabolic process [GO:0016125]
K1Q143,K1Q143_CRAGI,unreviewed,C2 domain-containing protein 3,CGI_10017125,Crassostrea gigas (Pacific oyster) (Crassostrea angulata),2907,
K1Q793,K1Q793_CRAGI,unreviewed,Angiopoietin-4,CGI_10009242,Crassostrea gigas (Pacific oyster) (Crassostrea angulata),337,
K1R749,K1R749_CRAGI,unreviewed,Actophorin,CGI_10026160,Crassostrea gigas (Pacific oyster) (Crassostrea angulata),152,actin cytoskeleton [GO:0015629]; actin binding [GO:0003779]; actin filament depolymerization [GO:0030042]
K1P4R2,K1P4R2_CRAGI,unreviewed,Tetratricopeptide repeat protein 23,CGI_10011709,Crassostrea gigas (Pacific oyster) (Crassostrea angulata),492,
K1Q158,K1Q158_CRAGI,unreviewed,Prostaglandin E2 receptor EP4 subtype,CGI_10020367,Crassostrea gigas (Pacific oyster) (Crassostrea angulata),348,integral component of membrane [GO:0016021]; prostaglandin E receptor activity [GO:0004957]
K1QKS9,K1QKS9_CRAGI,unreviewed,Uncharacterized protein,CGI_10025795,Crassostrea gigas (Pacific oyster) (Crassostrea angulata),2718,integral component of membrane [GO:0016021]; RNA binding [GO:0003723]; RNA processing [GO:0006396]
K1PZ83,K1PZ83_CRAGI,unreviewed,Uncharacterized protein,CGI_10025511,Crassostrea gigas (Pacific oyster) (Crassostrea angulata),709,
K1R099,K1R099_CRAGI,unreviewed,Cholecystokinin receptor,CGI_10009465,Crassostrea gigas (Pacific oyster) (Crassostrea angulata),324,integral component of membrane [GO:0016021]; G-protein coupled receptor activity [GO:0004930]
K1QLM9,K1QLM9_CRAGI,unreviewed,Vesicle transport through interaction with t-SNAREs-like protein 1B,CGI_10012694,Crassostrea gigas (Pacific oyster) (Crassostrea angulata),181,integral component of membrane [GO:0016021]
K1RAS6,K1RAS6_CRAGI,unreviewed,Uncharacterized protein,CGI_10028757,Crassostrea gigas (Pacific oyster) (Crassostrea angulata),124,
K1QAQ9,K1QAQ9_CRAGI,unreviewed,Dopamine receptor 1,CGI_10010352,Crassostrea gigas (Pacific oyster) (Crassostrea angulata),399,integral component of plasma membrane [GO:0005887]; dopamine neurotransmitter receptor activity [GO:0004952]
K1PGU6,K1PGU6_CRAGI,unreviewed,Uncharacterized protein,CGI_10005237,Crassostrea gigas (Pacific oyster) (Crassostrea angulata),82,
K1QHX7,K1QHX7_CRAGI,unreviewed,NACHT and WD repeat domain-containing protein 1,CGI_10004260,Crassostrea gigas (Pacific oyster) (Crassostrea angulata),1689,
K1QFR9,K1QFR9_CRAGI,unreviewed,Spectrin beta chain,CGI_10013845,Crassostrea gigas (Pacific oyster) (Crassostrea angulata),2419,spectrin [GO:0008091]; actin binding [GO:0003779]; phospholipid binding [GO:0005543]; structural constituent of cytoskeleton [GO:0005200]; actin filament capping [GO:0051693]
K1QRY2,K1QRY2_CRAGI,unreviewed,Uncharacterized protein,CGI_10006153,Crassostrea gigas (Pacific oyster) (Crassostrea angulata),107,integral component of membrane [GO:0016021]
K1R6I4,K1R6I4_CRAGI,unreviewed,Uncharacterized protein,CGI_10002394,Crassostrea gigas (Pacific oyster) (Crassostrea angulata),165,
K1QZ12,K1QZ12_CRAGI,unreviewed,Uncharacterized protein,CGI_10005263,Crassostrea gigas (Pacific oyster) (Crassostrea angulata),152,
K1RHP3,K1RHP3_CRAGI,unreviewed,Proliferation-associated protein 2G4,CGI_10020746,Crassostrea gigas (Pacific oyster) (Crassostrea angulata),384,
K1RAQ0,K1RAQ0_CRAGI,unreviewed,Caveolin,CGI_10028711,Crassostrea gigas (Pacific oyster) (Crassostrea angulata),131,caveola [GO:0005901]; Golgi membrane [GO:0000139]; integral component of membrane [GO:0016021]; caveola assembly [GO:0070836]
K1R189,K1R189_CRAGI,unreviewed,Prostaglandin E2 receptor EP4 subtype,CGI_10027614,Crassostrea gigas (Pacific oyster) (Crassostrea angulata),339,integral component of membrane [GO:0016021]; G-protein coupled receptor activity [GO:0004930]
K1QDF5,K1QDF5_CRAGI,unreviewed,Uncharacterized protein,CGI_10007404,Crassostrea gigas (Pacific oyster) (Crassostrea angulata),479,integral component of membrane [GO:0016021]; metal ion binding [GO:0046872]
K1Q0J7,K1Q0J7_CRAGI,unreviewed,Uncharacterized protein,CGI_10002461,Crassostrea gigas (Pacific oyster) (Crassostrea angulata),59,
K1RMB2,K1RMB2_CRAGI,unreviewed,Chlorophyllide a oxygenase,CGI_10020287,Crassostrea gigas (Pacific oyster) (Crassostrea angulata),382,"2 iron, 2 sulfur cluster binding [GO:0051537]; oxidoreductase activity [GO:0016491]"
K1RST0,K1RST0_CRAGI,unreviewed,Dopamine D2-like receptor,CGI_10026865,Crassostrea gigas (Pacific oyster) (Crassostrea angulata),413,integral component of membrane [GO:0016021]; G-protein coupled peptide receptor activity [GO:0008528]
K1RVI8,K1RVI8_CRAGI,unreviewed,Chromobox-like protein 8,CGI_10026606,Crassostrea gigas (Pacific oyster) (Crassostrea angulata),392,nucleus [GO:0005634]
K1Q9Q7,K1Q9Q7_CRAGI,unreviewed,Tripartite motif-containing protein 3,CGI_10008090,Crassostrea gigas (Pacific oyster) (Crassostrea angulata),452,intracellular [GO:0005622]; zinc ion binding [GO:0008270]
K1QCT5,K1QCT5_CRAGI,unreviewed,Uncharacterized protein,CGI_10008818,Crassostrea gigas (Pacific oyster) (Crassostrea angulata),298,
K1PJ85,K1PJ85_CRAGI,unreviewed,26S protease regulatory subunit 6A,CGI_10026274,Crassostrea gigas (Pacific oyster) (Crassostrea angulata),428,cytoplasm [GO:0005737]; ATP binding [GO:0005524]; peptidase activity [GO:0008233]; protein catabolic process [GO:0030163]
K1P2T2,K1P2T2_CRAGI,unreviewed,Uncharacterized protein,CGI_10015284,Crassostrea gigas (Pacific oyster) (Crassostrea angulata),168,
K1R7W9,K1R7W9_CRAGI,unreviewed,Uncharacterized protein,CGI_10018147,Crassostrea gigas (Pacific oyster) (Crassostrea angulata),317,cytoskeleton [GO:0005856]
K1RAD3,K1RAD3_CRAGI,unreviewed,Cysteine-rich secretory protein LCCL domain-containing 2,CGI_10025006,Crassostrea gigas (Pacific oyster) (Crassostrea angulata),339,
K1RER2,K1RER2_CRAGI,unreviewed,E3 ubiquitin-protein ligase RFWD2,CGI_10009404,Crassostrea gigas (Pacific oyster) (Crassostrea angulata),2317,ligase activity [GO:0016874]
K1R1J0,K1R1J0_CRAGI,unreviewed,Uncharacterized protein,CGI_10022328,Crassostrea gigas (Pacific oyster) (Crassostrea angulata),492,
K1R1G1,K1R1G1_CRAGI,unreviewed,Beta-hexosaminidase,CGI_10023604,Crassostrea gigas (Pacific oyster) (Crassostrea angulata),1247,beta-N-acetylhexosaminidase activity [GO:0004563]; carbohydrate binding [GO:0030246]; carbohydrate metabolic process [GO:0005975]
K1QJC6,K1QJC6_CRAGI,unreviewed,Coactosin-like protein,CGI_10027046,Crassostrea gigas (Pacific oyster) (Crassostrea angulata),142,intracellular [GO:0005622]; actin binding [GO:0003779]
K1QPP1,K1QPP1_CRAGI,unreviewed,Tripartite motif-containing protein 56,CGI_10012899,Crassostrea gigas (Pacific oyster) (Crassostrea angulata),685,intracellular [GO:0005622]; zinc ion binding [GO:0008270]
K1Q9Z3,K1Q9Z3_CRAGI,unreviewed,Kyphoscoliosis peptidase,CGI_10015149,Crassostrea gigas (Pacific oyster) (Crassostrea angulata),1058,metal ion binding [GO:0046872]
K1PXH1,K1PXH1_CRAGI,unreviewed,Uncharacterized protein,CGI_10004617,Crassostrea gigas (Pacific oyster) (Crassostrea angulata),262,
K1QWV3,K1QWV3_CRAGI,unreviewed,Krueppel-like factor 15,CGI_10020309,Crassostrea gigas (Pacific oyster) (Crassostrea angulata),320,nucleic acid binding [GO:0003676]
K1QKJ4,K1QKJ4_CRAGI,unreviewed,LIM domain-containing protein D,CGI_10018582,Crassostrea gigas (Pacific oyster) (Crassostrea angulata),485,metal ion binding [GO:0046872]
K1REA2,K1REA2_CRAGI,unreviewed,Uncharacterized protein,CGI_10006869,Crassostrea gigas (Pacific oyster) (Crassostrea angulata),363,integral component of membrane [GO:0016021]
K1RKL9,K1RKL9_CRAGI,unreviewed,rRNA-processing protein FCF1-like protein,CGI_10027567,Crassostrea gigas (Pacific oyster) (Crassostrea angulata),399,small-subunit processome [GO:0032040]
K1R2F1,K1R2F1_CRAGI,unreviewed,Uncharacterized protein,CGI_10020470,Crassostrea gigas (Pacific oyster) (Crassostrea angulata),243,integral component of membrane [GO:0016021]; G-protein coupled receptor activity [GO:0004930]
K1PJB0,K1PJB0_CRAGI,unreviewed,Heat shock protein 70 B2,CGI_10003417,Crassostrea gigas (Pacific oyster) (Crassostrea angulata),634,ATP binding [GO:0005524]
K1R1Z7,K1R1Z7_CRAGI,unreviewed,E3 ubiquitin-protein ligase DZIP3,CGI_10018771,Crassostrea gigas (Pacific oyster) (Crassostrea angulata),1169,ligase activity [GO:0016874]; regulation of apoptotic process [GO:0042981]
K1PAG1,K1PAG1_CRAGI,unreviewed,"Dynein beta chain, ciliary",CGI_10005381,Crassostrea gigas (Pacific oyster) (Crassostrea angulata),4464,dynein complex [GO:0030286]; ATP binding [GO:0005524]; ATPase activity [GO:0016887]; microtubule motor activity [GO:0003777]; microtubule-based movement [GO:0007018]
K1QU70,K1QU70_CRAGI,unreviewed,Tripartite motif-containing protein 3,CGI_10004232,Crassostrea gigas (Pacific oyster) (Crassostrea angulata),480,
K1QHR7,K1QHR7_CRAGI,unreviewed,Uncharacterized protein,CGI_10027245,Crassostrea gigas (Pacific oyster) (Crassostrea angulata),141,
K1PFS1,K1PFS1_CRAGI,unreviewed,Sodium-and chloride-dependent glycine transporter 2 (Fragment),CGI_10001584,Crassostrea gigas (Pacific oyster) (Crassostrea angulata),664,integral component of membrane [GO:0016021]; neurotransmitter:sodium symporter activity [GO:0005328]
K1PL14,K1PL14_CRAGI,unreviewed,Suppressor of cytokine signaling 2,CGI_10019528,Crassostrea gigas (Pacific oyster) (Crassostrea angulata),270,intracellular [GO:0005622]; intracellular signal transduction [GO:0035556]
K1QFA6,K1QFA6_CRAGI,unreviewed,Uncharacterized protein,CGI_10011219,Crassostrea gigas (Pacific oyster) (Crassostrea angulata),134,
K1Q003,K1Q003_CRAGI,unreviewed,Uncharacterized protein,CGI_10011217,Crassostrea gigas (Pacific oyster) (Crassostrea angulata),132,
K1R725,K1R725_CRAGI,unreviewed,Uncharacterized protein,CGI_10011216,Crassostrea gigas (Pacific oyster) (Crassostrea angulata),133,
K1QLU8,K1QLU8_CRAGI,unreviewed,Uncharacterized protein,CGI_10011215,Crassostrea gigas (Pacific oyster) (Crassostrea angulata),128,
K1RNN3,K1RNN3_CRAGI,unreviewed,Uncharacterized protein,CGI_10013462,Crassostrea gigas (Pacific oyster) (Crassostrea angulata),541,
K1QH19,K1QH19_CRAGI,unreviewed,Putative pre-mRNA-splicing factor ATP-dependent RNA helicase mog-5,CGI_10021954,Crassostrea gigas (Pacific oyster) (Crassostrea angulata),2086,ATP binding [GO:0005524]; helicase activity [GO:0004386]; metal ion binding [GO:0046872]; RNA binding [GO:0003723]
K1QHH5,K1QHH5_CRAGI,unreviewed,Bcl-2-like protein 1,CGI_10006540,Crassostrea gigas (Pacific oyster) (Crassostrea angulata),227,regulation of apoptotic process [GO:0042981]
K1PPN8,K1PPN8_CRAGI,unreviewed,Uncharacterized protein,CGI_10005238,Crassostrea gigas (Pacific oyster) (Crassostrea angulata),311,
K1Q8T2,K1Q8T2_CRAGI,unreviewed,A disintegrin and metalloproteinase with thrombospondin motifs 16,CGI_10019661,Crassostrea gigas (Pacific oyster) (Crassostrea angulata),1001,metalloendopeptidase activity [GO:0004222]; zinc ion binding [GO:0008270]; integrin-mediated signaling pathway [GO:0007229]
K1QTW5,K1QTW5_CRAGI,unreviewed,Uncharacterized protein,CGI_10026820,Crassostrea gigas (Pacific oyster) (Crassostrea angulata),485,
K1RJ71,K1RJ71_CRAGI,unreviewed,UPF0686 protein C11orf1-like protein,CGI_10015745,Crassostrea gigas (Pacific oyster) (Crassostrea angulata),140,nucleus [GO:0005634]
K1S3W9,K1S3W9_CRAGI,unreviewed,Guanylate cyclase soluble subunit beta-1 (Fragment),CGI_10025257,Crassostrea gigas (Pacific oyster) (Crassostrea angulata),612,intracellular [GO:0005622]; guanylate cyclase activity [GO:0004383]; heme binding [GO:0020037]; nucleotide binding [GO:0000166]; intracellular signal transduction [GO:0035556]
K1RDB9,K1RDB9_CRAGI,unreviewed,Uncharacterized protein,CGI_10028419,Crassostrea gigas (Pacific oyster) (Crassostrea angulata),139,response to stress [GO:0006950]
K1R7B8,K1R7B8_CRAGI,unreviewed,Uncharacterized protein,CGI_10028418,Crassostrea gigas (Pacific oyster) (Crassostrea angulata),321,
K1QZ42,K1QZ42_CRAGI,unreviewed,Ankyrin repeat domain-containing protein 50,CGI_10024784,Crassostrea gigas (Pacific oyster) (Crassostrea angulata),295,intracellular [GO:0005622]; intracellular signal transduction [GO:0035556]
K1R160,K1R160_CRAGI,unreviewed,Neuropeptide Y receptor,CGI_10017233,Crassostrea gigas (Pacific oyster) (Crassostrea angulata),399,integral component of membrane [GO:0016021]; neuropeptide Y receptor activity [GO:0004983]
K1QX33,K1QX33_CRAGI,unreviewed,Uncharacterized protein,CGI_10022149,Crassostrea gigas (Pacific oyster) (Crassostrea angulata),214,
K1QCE2,K1QCE2_CRAGI,unreviewed,Uncharacterized protein,CGI_10009556,Crassostrea gigas (Pacific oyster) (Crassostrea angulata),200,
K1R7H7,K1R7H7_CRAGI,unreviewed,Uncharacterized protein,CGI_10028486,Crassostrea gigas (Pacific oyster) (Crassostrea angulata),396,
K1QH75,K1QH75_CRAGI,unreviewed,Uncharacterized protein,CGI_10014338,Crassostrea gigas (Pacific oyster) (Crassostrea angulata),553,
K1QDS0,K1QDS0_CRAGI,unreviewed,Uncharacterized protein,CGI_10027443,Crassostrea gigas (Pacific oyster) (Crassostrea angulata),289,
K1Q5N8,K1Q5N8_CRAGI,unreviewed,Uncharacterized protein,CGI_10027441,Crassostrea gigas (Pacific oyster) (Crassostrea angulata),2793,ligand-dependent nuclear receptor transcription coactivator activity [GO:0030374]
K1PSE4,K1PSE4_CRAGI,unreviewed,Uncharacterized protein,CGI_10019915,Crassostrea gigas (Pacific oyster) (Crassostrea angulata),171,
K1QDH8,K1QDH8_CRAGI,unreviewed,Prostacyclin receptor,CGI_10017953,Crassostrea gigas (Pacific oyster) (Crassostrea angulata),408,integral component of membrane [GO:0016021]; G-protein coupled receptor signaling pathway [GO:0007186]
K1QGR8,K1QGR8_CRAGI,unreviewed,"Asparaginyl-tRNA synthetase, cytoplasmic",CGI_10005254,Crassostrea gigas (Pacific oyster) (Crassostrea angulata),558,cytoplasm [GO:0005737]; asparagine-tRNA ligase activity [GO:0004816]; ATP binding [GO:0005524]; nucleic acid binding [GO:0003676]; asparaginyl-tRNA aminoacylation [GO:0006421]
K1PA25,K1PA25_CRAGI,unreviewed,Aquaporin-4,CGI_10013723,Crassostrea gigas (Pacific oyster) (Crassostrea angulata),243,integral component of membrane [GO:0016021]; transporter activity [GO:0005215]
K1QKT6,K1QKT6_CRAGI,unreviewed,Myeloid differentiation primary response protein MyD88,CGI_10012722,Crassostrea gigas (Pacific oyster) (Crassostrea angulata),183,signal transduction [GO:0007165]
K1QLS5,K1QLS5_CRAGI,unreviewed,Uncharacterized protein,CGI_10017564,Crassostrea gigas (Pacific oyster) (Crassostrea angulata),543,integral component of membrane [GO:0016021]
K1RDT2,K1RDT2_CRAGI,unreviewed,WD repeat-containing protein 16,CGI_10026256,Crassostrea gigas (Pacific oyster) (Crassostrea angulata),665,
K1PJ96,K1PJ96_CRAGI,unreviewed,Uncharacterized protein,CGI_10003467,Crassostrea gigas (Pacific oyster) (Crassostrea angulata),1812,ATP binding [GO:0005524]
K1QH76,K1QH76_CRAGI,unreviewed,"Sushi, von Willebrand factor type A, EGF and pentraxin domain-containing protein 1",CGI_10016546,Crassostrea gigas (Pacific oyster) (Crassostrea angulata),497,
K1Q0E8,K1Q0E8_CRAGI,unreviewed,Uncharacterized protein,CGI_10008526,Crassostrea gigas (Pacific oyster) (Crassostrea angulata),178,
K1Q3T5,K1Q3T5_CRAGI,unreviewed,Homeobox protein aristaless,CGI_10028810,Crassostrea gigas (Pacific oyster) (Crassostrea angulata),332,"nucleus [GO:0005634]; sequence-specific DNA binding [GO:0043565]; regulation of transcription, DNA-templated [GO:0006355]"
K1R8B8,K1R8B8_CRAGI,unreviewed,Profilin,CGI_10028196,Crassostrea gigas (Pacific oyster) (Crassostrea angulata),144,actin binding [GO:0003779]
K1S3M0,K1S3M0_CRAGI,unreviewed,Tubulin polyglutamylase TTLL7,CGI_10028200,Crassostrea gigas (Pacific oyster) (Crassostrea angulata),900,cellular protein modification process [GO:0006464]
K1QSY3,K1QSY3_CRAGI,unreviewed,Uncharacterized protein,CGI_10007978,Crassostrea gigas (Pacific oyster) (Crassostrea angulata),152,integral component of membrane [GO:0016021]; response to biotic stimulus [GO:0009607]
K1RBJ7,K1RBJ7_CRAGI,unreviewed,Uncharacterized protein,CGI_10025331,Crassostrea gigas (Pacific oyster) (Crassostrea angulata),317,regulation of microtubule polymerization or depolymerization [GO:0031110]
K1RL88,K1RL88_CRAGI,unreviewed,"Dynein light chain 1, axonemal (Fragment)",CGI_10020498,Crassostrea gigas (Pacific oyster) (Crassostrea angulata),190,
K1QDR1,K1QDR1_CRAGI,unreviewed,Uncharacterized protein,CGI_10020493,Crassostrea gigas (Pacific oyster) (Crassostrea angulata),548,
K1RS52,K1RS52_CRAGI,unreviewed,Root phototropism protein 2,CGI_10023212,Crassostrea gigas (Pacific oyster) (Crassostrea angulata),596,
K1QWR2,K1QWR2_CRAGI,unreviewed,Uncharacterized protein,CGI_10016505,Crassostrea gigas (Pacific oyster) (Crassostrea angulata),398,
K1PSQ9,K1PSQ9_CRAGI,unreviewed,Tolloid-like protein 2,CGI_10010688,Crassostrea gigas (Pacific oyster) (Crassostrea angulata),156,
K1QRN3,K1QRN3_CRAGI,unreviewed,Cysteine and histidine-rich domain-containing protein 1,CGI_10004552,Crassostrea gigas (Pacific oyster) (Crassostrea angulata),325,
K1PBZ8,K1PBZ8_CRAGI,unreviewed,Transporter,CGI_10009981,Crassostrea gigas (Pacific oyster) (Crassostrea angulata),692,integral component of membrane [GO:0016021]; neurotransmitter:sodium symporter activity [GO:0005328]
K1Q572,K1Q572_CRAGI,unreviewed,Uncharacterized protein,CGI_10016991,Crassostrea gigas (Pacific oyster) (Crassostrea angulata),113,
K1QVE0,K1QVE0_CRAGI,unreviewed,Coiled-coil domain-containing protein 42-like protein,CGI_10022076,Crassostrea gigas (Pacific oyster) (Crassostrea angulata),410,
K1QNJ1,K1QNJ1_CRAGI,unreviewed,Uncharacterized protein,CGI_10008200,Crassostrea gigas (Pacific oyster) (Crassostrea angulata),243,
K1Q5Z6,K1Q5Z6_CRAGI,unreviewed,Eukaryotic translation initiation factor 2 subunit 2,CGI_10010423,Crassostrea gigas (Pacific oyster) (Crassostrea angulata),341,translation initiation factor activity [GO:0003743]
K1QCB5,K1QCB5_CRAGI,unreviewed,Poly [ADP-ribose] polymerase (PARP) (EC 2.4.2.30),CGI_10009620,Crassostrea gigas (Pacific oyster) (Crassostrea angulata),386,NAD+ ADP-ribosyltransferase activity [GO:0003950]
K1PSZ3,K1PSZ3_CRAGI,unreviewed,Tripartite motif-containing protein 3,CGI_10002997,Crassostrea gigas (Pacific oyster) (Crassostrea angulata),124,
K1R149,K1R149_CRAGI,unreviewed,Uncharacterized protein,CGI_10005453,Crassostrea gigas (Pacific oyster) (Crassostrea angulata),935,ATPase activity [GO:0016887]; ubiquitin-protein transferase activity [GO:0004842]
K1QF30,K1QF30_CRAGI,unreviewed,Uncharacterized protein,CGI_10005452,Crassostrea gigas (Pacific oyster) (Crassostrea angulata),5532,ATPase activity [GO:0016887]; ubiquitin-protein transferase activity [GO:0004842]
K1R2D5,K1R2D5_CRAGI,unreviewed,Uncharacterized protein,CGI_10017976,Crassostrea gigas (Pacific oyster) (Crassostrea angulata),308,
K1QPS2,K1QPS2_CRAGI,unreviewed,RNA-dependent RNA polymerase (EC 2.7.7.48),CGI_10026719,Crassostrea gigas (Pacific oyster) (Crassostrea angulata),520,RNA binding [GO:0003723]; RNA-directed 5'-3' RNA polymerase activity [GO:0003968]
K1PYD8,K1PYD8_CRAGI,unreviewed,Uncharacterized protein,CGI_10026311,Crassostrea gigas (Pacific oyster) (Crassostrea angulata),145,integral component of membrane [GO:0016021]
K1PPI1,K1PPI1_CRAGI,unreviewed,Inhibitor of apoptosis protein,CGI_10005393,Crassostrea gigas (Pacific oyster) (Crassostrea angulata),630,
K1QRX6,K1QRX6_CRAGI,unreviewed,FMRFamide receptor,CGI_10013411,Crassostrea gigas (Pacific oyster) (Crassostrea angulata),401,integral component of membrane [GO:0016021]; G-protein coupled peptide receptor activity [GO:0008528]
K1QMM1,K1QMM1_CRAGI,unreviewed,FERM domain-containing protein 4A,CGI_10006498,Crassostrea gigas (Pacific oyster) (Crassostrea angulata),1276,cytoskeleton [GO:0005856]; cytoskeletal protein binding [GO:0008092]
K1RWJ8,K1RWJ8_CRAGI,unreviewed,Tripartite motif-containing protein 3,CGI_10017023,Crassostrea gigas (Pacific oyster) (Crassostrea angulata),681,intracellular [GO:0005622]; zinc ion binding [GO:0008270]
K1QV00,K1QV00_CRAGI,unreviewed,Uncharacterized protein,CGI_10018631,Crassostrea gigas (Pacific oyster) (Crassostrea angulata),308,3'-5' exonuclease activity [GO:0008408]; nucleic acid binding [GO:0003676]
K1RNH5,K1RNH5_CRAGI,unreviewed,Interferon regulatory factor 2,CGI_10021170,Crassostrea gigas (Pacific oyster) (Crassostrea angulata),324,regulatory region DNA binding [GO:0000975]
K1R9R7,K1R9R7_CRAGI,unreviewed,Uncharacterized protein,CGI_10007948,Crassostrea gigas (Pacific oyster) (Crassostrea angulata),258,
K1RHZ0,K1RHZ0_CRAGI,unreviewed,Death-associated protein kinase 1,CGI_10022902,Crassostrea gigas (Pacific oyster) (Crassostrea angulata),1358,kinase activity [GO:0016301]
K1R5Y5,K1R5Y5_CRAGI,unreviewed,C-C chemokine receptor type 6,CGI_10022905,Crassostrea gigas (Pacific oyster) (Crassostrea angulata),473,integral component of membrane [GO:0016021]; G-protein coupled receptor activity [GO:0004930]
K1R773,K1R773_CRAGI,unreviewed,Uncharacterized protein,CGI_10026190,Crassostrea gigas (Pacific oyster) (Crassostrea angulata),138,"transcription factor activity, sequence-specific DNA binding [GO:0003700]"
K1QWX0,K1QWX0_CRAGI,unreviewed,26S proteasome non-ATPase regulatory subunit 14,CGI_10020335 CGI_10024017,Crassostrea gigas (Pacific oyster) (Crassostrea angulata),311,proteasome complex [GO:0000502]
K1P1C8,K1P1C8_CRAGI,unreviewed,Ephrin type-A receptor 7,CGI_10000466,Crassostrea gigas (Pacific oyster) (Crassostrea angulata),268,ATP binding [GO:0005524]; protein kinase activity [GO:0004672]
K1PVE0,K1PVE0_CRAGI,unreviewed,RPE-spondin,CGI_10015203,Crassostrea gigas (Pacific oyster) (Crassostrea angulata),287,polysaccharide binding [GO:0030247]; scavenger receptor activity [GO:0005044]; immune response [GO:0006955]
K1R2J9,K1R2J9_CRAGI,unreviewed,Uncharacterized protein,CGI_10026984,Crassostrea gigas (Pacific oyster) (Crassostrea angulata),74,
K1R086,K1R086_CRAGI,unreviewed,Amino acid transporter,CGI_10018993,Crassostrea gigas (Pacific oyster) (Crassostrea angulata),497,integral component of membrane [GO:0016021]; symporter activity [GO:0015293]
K1QVY3,K1QVY3_CRAGI,unreviewed,Uncharacterized protein,CGI_10023975,Crassostrea gigas (Pacific oyster) (Crassostrea angulata),158,
K1R202,K1R202_CRAGI,unreviewed,T-complex-associated testis-expressed protein 1,CGI_10025394,Crassostrea gigas (Pacific oyster) (Crassostrea angulata),521,
K1QG92,K1QG92_CRAGI,unreviewed,Protocadherin-11 X-linked,CGI_10024717,Crassostrea gigas (Pacific oyster) (Crassostrea angulata),861,integral component of membrane [GO:0016021]; calcium ion binding [GO:0005509]
K1QFN7,K1QFN7_CRAGI,unreviewed,Interferon-induced protein 44-like protein,CGI_10024070,Crassostrea gigas (Pacific oyster) (Crassostrea angulata),470,GTP binding [GO:0005525]
K1RF20,K1RF20_CRAGI,unreviewed,Interferon-induced protein 44-like protein,CGI_10024068,Crassostrea gigas (Pacific oyster) (Crassostrea angulata),437,GTP binding [GO:0005525]
K1QUS6,K1QUS6_CRAGI,unreviewed,Interferon-induced protein 44-like protein,CGI_10024072,Crassostrea gigas (Pacific oyster) (Crassostrea angulata),470,GTP binding [GO:0005525]
K1QP68,K1QP68_CRAGI,unreviewed,Uncharacterized protein,CGI_10020807,Crassostrea gigas (Pacific oyster) (Crassostrea angulata),180,nucleic acid binding [GO:0003676]
K1RLE8,K1RLE8_CRAGI,unreviewed,Uncharacterized protein C17orf66,CGI_10015716,Crassostrea gigas (Pacific oyster) (Crassostrea angulata),1229,
K1PPR0,K1PPR0_CRAGI,unreviewed,Proline-rich transmembrane protein 1,CGI_10006627,Crassostrea gigas (Pacific oyster) (Crassostrea angulata),262,integral component of membrane [GO:0016021]; response to biotic stimulus [GO:0009607]
K1PM60,K1PM60_CRAGI,unreviewed,Spermidine synthase,CGI_10007126,Crassostrea gigas (Pacific oyster) (Crassostrea angulata),296,transferase activity [GO:0016740]; polyamine biosynthetic process [GO:0006596]
K1R2B0,K1R2B0_CRAGI,unreviewed,Hormonally up-regulated neu tumor-associated kinase,CGI_10013248,Crassostrea gigas (Pacific oyster) (Crassostrea angulata),826,ATP binding [GO:0005524]; protein kinase activity [GO:0004672]
K1Q839,K1Q839_CRAGI,unreviewed,Uncharacterized protein CXorf65-like protein,CGI_10008831,Crassostrea gigas (Pacific oyster) (Crassostrea angulata),150,
K1Q348,K1Q348_CRAGI,unreviewed,Uncharacterized protein,CGI_10011565,Crassostrea gigas (Pacific oyster) (Crassostrea angulata),609,integral component of membrane [GO:0016021]; zinc ion binding [GO:0008270]
K1QUG2,K1QUG2_CRAGI,unreviewed,tRNA-dihydrouridine synthase 1-like protein,CGI_10020639,Crassostrea gigas (Pacific oyster) (Crassostrea angulata),485,flavin adenine dinucleotide binding [GO:0050660]; tRNA dihydrouridine synthase activity [GO:0017150]
K1QNG5,K1QNG5_CRAGI,unreviewed,Cholecystokinin receptor,CGI_10003650,Crassostrea gigas (Pacific oyster) (Crassostrea angulata),399,integral component of membrane [GO:0016021]; G-protein coupled receptor activity [GO:0004930]
K1PMH4,K1PMH4_CRAGI,unreviewed,Gamma-glutamylcyclotransferase (EC 2.3.2.-),CGI_10014881,Crassostrea gigas (Pacific oyster) (Crassostrea angulata),183,gamma-glutamylcyclotransferase activity [GO:0003839]; glutathione catabolic process [GO:0006751]
K1RWC0,K1RWC0_CRAGI,unreviewed,Basic leucine zipper transcriptional factor ATF-like 3,CGI_10002396,Crassostrea gigas (Pacific oyster) (Crassostrea angulata),148,"DNA binding [GO:0003677]; transcription factor activity, sequence-specific DNA binding [GO:0003700]; regulation of transcription from RNA polymerase II promoter [GO:0006357]"
K1Q7M2,K1Q7M2_CRAGI,unreviewed,Cathepsin L,CGI_10003564,Crassostrea gigas (Pacific oyster) (Crassostrea angulata),330,cysteine-type peptidase activity [GO:0008234]
K1QFP6,K1QFP6_CRAGI,unreviewed,Uncharacterized protein,CGI_10006117,Crassostrea gigas (Pacific oyster) (Crassostrea angulata),117,
K1QTJ3,K1QTJ3_CRAGI,unreviewed,Uncharacterized protein,CGI_10006656,Crassostrea gigas (Pacific oyster) (Crassostrea angulata),105,integral component of membrane [GO:0016021]
K1RBB3,K1RBB3_CRAGI,unreviewed,Uncharacterized protein,CGI_10013209,Crassostrea gigas (Pacific oyster) (Crassostrea angulata),106,
K1QHI6,K1QHI6_CRAGI,unreviewed,"Dynein heavy chain 5, axonemal",CGI_10010994,Crassostrea gigas (Pacific oyster) (Crassostrea angulata),4471,dynein complex [GO:0030286]; ATP binding [GO:0005524]; ATPase activity [GO:0016887]; microtubule motor activity [GO:0003777]; microtubule-based movement [GO:0007018]
K1R427,K1R427_CRAGI,unreviewed,Uncharacterized protein,CGI_10012245,Crassostrea gigas (Pacific oyster) (Crassostrea angulata),262,
K1PEP8,K1PEP8_CRAGI,unreviewed,Uncharacterized protein,CGI_10002383,Crassostrea gigas (Pacific oyster) (Crassostrea angulata),422,integral component of membrane [GO:0016021]; G-protein coupled receptor activity [GO:0004930]
K1QVI9,K1QVI9_CRAGI,unreviewed,Uncharacterized protein,CGI_10028608,Crassostrea gigas (Pacific oyster) (Crassostrea angulata),272,
K1PLG4,K1PLG4_CRAGI,unreviewed,Uncharacterized protein,CGI_10008102,Crassostrea gigas (Pacific oyster) (Crassostrea angulata),164,
K1PPJ6,K1PPJ6_CRAGI,unreviewed,Nicotinamide phosphoribosyltransferase,CGI_10023358,Crassostrea gigas (Pacific oyster) (Crassostrea angulata),489,nicotinate-nucleotide diphosphorylase (carboxylating) activity [GO:0004514]; NAD biosynthetic process [GO:0009435]
K1QVQ1,K1QVQ1_CRAGI,unreviewed,Uncharacterized protein,CGI_10004941,Crassostrea gigas (Pacific oyster) (Crassostrea angulata),139,
K1QFS2,K1QFS2_CRAGI,unreviewed,Uncharacterized protein,CGI_10008534,Crassostrea gigas (Pacific oyster) (Crassostrea angulata),382,
K1R363,K1R363_CRAGI,unreviewed,Selenocysteine lyase,CGI_10027821,Crassostrea gigas (Pacific oyster) (Crassostrea angulata),667,integral component of membrane [GO:0016021]; lyase activity [GO:0016829]
K1R5B2,K1R5B2_CRAGI,unreviewed,Uncharacterized protein,CGI_10016247,Crassostrea gigas (Pacific oyster) (Crassostrea angulata),63,
K1Q2D8,K1Q2D8_CRAGI,unreviewed,Epithelial-stromal interaction protein 1,CGI_10004027,Crassostrea gigas (Pacific oyster) (Crassostrea angulata),289,
K1QSA9,K1QSA9_CRAGI,unreviewed,Uncharacterized protein,CGI_10019578,Crassostrea gigas (Pacific oyster) (Crassostrea angulata),1924,GTPase activator activity [GO:0005096]; regulation of small GTPase mediated signal transduction [GO:0051056]
K1Q6H5,K1Q6H5_CRAGI,unreviewed,Fem-1-like protein A,CGI_10019572,Crassostrea gigas (Pacific oyster) (Crassostrea angulata),637,
K1PFN2,K1PFN2_CRAGI,unreviewed,Fibronectin,CGI_10001789,Crassostrea gigas (Pacific oyster) (Crassostrea angulata),2278,
K1Q9A4,K1Q9A4_CRAGI,unreviewed,Purine nucleoside phosphorylase (EC 2.4.2.1) (Inosine-guanosine phosphorylase),CGI_10017694,Crassostrea gigas (Pacific oyster) (Crassostrea angulata),329,purine-nucleoside phosphorylase activity [GO:0004731]; nucleoside metabolic process [GO:0009116]
K1PCJ3,K1PCJ3_CRAGI,unreviewed,Frizzled-4,CGI_10009113,Crassostrea gigas (Pacific oyster) (Crassostrea angulata),560,integral component of membrane [GO:0016021]; Wnt-activated receptor activity [GO:0042813]; multicellular organism development [GO:0007275]
K1PZI7,K1PZI7_CRAGI,unreviewed,DNA replication licensing factor MCM9,CGI_10027394,Crassostrea gigas (Pacific oyster) (Crassostrea angulata),1074,ATP binding [GO:0005524]; DNA binding [GO:0003677]; DNA replication initiation [GO:0006270]
K1R7J9,K1R7J9_CRAGI,unreviewed,Uncharacterized protein,CGI_10028383,Crassostrea gigas (Pacific oyster) (Crassostrea angulata),1099,integral component of membrane [GO:0016021]
K1Q9S2,K1Q9S2_CRAGI,unreviewed,UPF0573 protein C2orf70-like protein A,CGI_10014660,Crassostrea gigas (Pacific oyster) (Crassostrea angulata),153,
K1QP56,K1QP56_CRAGI,unreviewed,Proteasome inhibitor PI31 subunit,CGI_10008854,Crassostrea gigas (Pacific oyster) (Crassostrea angulata),277,proteasome complex [GO:0000502]
K1QHH7,K1QHH7_CRAGI,unreviewed,Uncharacterized protein,CGI_10005738,Crassostrea gigas (Pacific oyster) (Crassostrea angulata),128,
K1QQK1,K1QQK1_CRAGI,unreviewed,26S proteasome non-ATPase regulatory subunit 12,CGI_10017011,Crassostrea gigas (Pacific oyster) (Crassostrea angulata),453,proteasome complex [GO:0000502]
K1Q645,K1Q645_CRAGI,unreviewed,"Ribose-phosphate pyrophosphokinase 3, mitochondrial",CGI_10023797,Crassostrea gigas (Pacific oyster) (Crassostrea angulata),316,kinase activity [GO:0016301]; magnesium ion binding [GO:0000287]; ribose phosphate diphosphokinase activity [GO:0004749]; nucleoside metabolic process [GO:0009116]; nucleotide biosynthetic process [GO:0009165]
K1RFF6,K1RFF6_CRAGI,unreviewed,Baculoviral IAP repeat-containing protein 7-A,CGI_10016363,Crassostrea gigas (Pacific oyster) (Crassostrea angulata),299,
K1QZH7,K1QZH7_CRAGI,unreviewed,Putative metabotropic glutamate receptor mgl-1,CGI_10018528,Crassostrea gigas (Pacific oyster) (Crassostrea angulata),575,integral component of membrane [GO:0016021]; G-protein coupled receptor activity [GO:0004930]
K1QZI2,K1QZI2_CRAGI,unreviewed,Uncharacterized protein,CGI_10019987,Crassostrea gigas (Pacific oyster) (Crassostrea angulata),373,
K1RBB1,K1RBB1_CRAGI,unreviewed,High-affinity choline transporter 1,CGI_10019242,Crassostrea gigas (Pacific oyster) (Crassostrea angulata),545,integral component of membrane [GO:0016021]; transporter activity [GO:0005215]; transmembrane transport [GO:0055085]
K1R8T0,K1R8T0_CRAGI,unreviewed,Ribosome production factor 1,CGI_10027972,Crassostrea gigas (Pacific oyster) (Crassostrea angulata),325,
K1R874,K1R874_CRAGI,unreviewed,Kyphoscoliosis peptidase,CGI_10021991,Crassostrea gigas (Pacific oyster) (Crassostrea angulata),606,
K1QBX1,K1QBX1_CRAGI,unreviewed,Uncharacterized protein,CGI_10012593,Crassostrea gigas (Pacific oyster) (Crassostrea angulata),159,integral component of membrane [GO:0016021]
K1PSG8,K1PSG8_CRAGI,unreviewed,Uncharacterized protein,CGI_10015427,Crassostrea gigas (Pacific oyster) (Crassostrea angulata),1139,centrosome [GO:0005813]; microtubule binding [GO:0008017]; microtubule anchoring [GO:0034453]
K1P1A2,K1P1A2_CRAGI,unreviewed,Uncharacterized protein,CGI_10000527,Crassostrea gigas (Pacific oyster) (Crassostrea angulata),177,
K1Q503,K1Q503_CRAGI,unreviewed,Neuronal acetylcholine receptor subunit alpha-9,CGI_10011842,Crassostrea gigas (Pacific oyster) (Crassostrea angulata),870,integral component of membrane [GO:0016021]; extracellular ligand-gated ion channel activity [GO:0005230]
K1Q7Q3,K1Q7Q3_CRAGI,unreviewed,"Testis, prostate and placenta-expressed protein",CGI_10000867,Crassostrea gigas (Pacific oyster) (Crassostrea angulata),144,
K1PY33,K1PY33_CRAGI,unreviewed,Uncharacterized protein,CGI_10024250,Crassostrea gigas (Pacific oyster) (Crassostrea angulata),377,integral component of membrane [GO:0016021]
K1QVR0,K1QVR0_CRAGI,unreviewed,26S proteasome non-ATPase regulatory subunit 8,CGI_10014835,Crassostrea gigas (Pacific oyster) (Crassostrea angulata),265,proteasome regulatory particle [GO:0005838]; proteolysis [GO:0006508]
K1QPN6,K1QPN6_CRAGI,unreviewed,Toll-like receptor 2,CGI_10019717,Crassostrea gigas (Pacific oyster) (Crassostrea angulata),158,signal transduction [GO:0007165]
K1PAQ1,K1PAQ1_CRAGI,unreviewed,Uncharacterized protein,CGI_10012106,Crassostrea gigas (Pacific oyster) (Crassostrea angulata),256,
K1P3E1,K1P3E1_CRAGI,unreviewed,A disintegrin and metalloproteinase with thrombospondin motifs 7,CGI_10013881,Crassostrea gigas (Pacific oyster) (Crassostrea angulata),1480,metalloendopeptidase activity [GO:0004222]; zinc ion binding [GO:0008270]; integrin-mediated signaling pathway [GO:0007229]
K1QNA7,K1QNA7_CRAGI,unreviewed,Uncharacterized protein,CGI_10021785,Crassostrea gigas (Pacific oyster) (Crassostrea angulata),521,
K1PNS6,K1PNS6_CRAGI,unreviewed,Poly [ADP-ribose] polymerase (PARP) (EC 2.4.2.30),CGI_10015031,Crassostrea gigas (Pacific oyster) (Crassostrea angulata),731,NAD+ ADP-ribosyltransferase activity [GO:0003950]
K1RE25,K1RE25_CRAGI,unreviewed,Basic immunoglobulin-like variable motif-containing protein,CGI_10028149,Crassostrea gigas (Pacific oyster) (Crassostrea angulata),666,
K1PDZ2,K1PDZ2_CRAGI,unreviewed,Uncharacterized protein,CGI_10007610,Crassostrea gigas (Pacific oyster) (Crassostrea angulata),190,integral component of membrane [GO:0016021]
K1RDF9,K1RDF9_CRAGI,unreviewed,Uncharacterized protein,CGI_10025213,Crassostrea gigas (Pacific oyster) (Crassostrea angulata),199,
K1PWY3,K1PWY3_CRAGI,unreviewed,Uncharacterized protein,CGI_10019070,Crassostrea gigas (Pacific oyster) (Crassostrea angulata),320,
K1QLW5,K1QLW5_CRAGI,unreviewed,Extracellular superoxide dismutase [Cu-Zn],CGI_10026148,Crassostrea gigas (Pacific oyster) (Crassostrea angulata),192,metal ion binding [GO:0046872]; oxidation-reduction process [GO:0055114]; superoxide metabolic process [GO:0006801]
K1Q8J5,K1Q8J5_CRAGI,unreviewed,Uncharacterized protein C5orf48-like protein,CGI_10014873,Crassostrea gigas (Pacific oyster) (Crassostrea angulata),138,
K1QAZ0,K1QAZ0_CRAGI,unreviewed,Uncharacterized protein,CGI_10017865,Crassostrea gigas (Pacific oyster) (Crassostrea angulata),220,integral component of membrane [GO:0016021]
K1RB45,K1RB45_CRAGI,unreviewed,Uncharacterized protein,CGI_10015841,Crassostrea gigas (Pacific oyster) (Crassostrea angulata),326,
K1QVW7,K1QVW7_CRAGI,unreviewed,Down syndrome cell adhesion molecule,CGI_10018854,Crassostrea gigas (Pacific oyster) (Crassostrea angulata),2111,integral component of plasma membrane [GO:0005887]; cell adhesion [GO:0007155]; nervous system development [GO:0007399]
K1S6Z0,K1S6Z0_CRAGI,unreviewed,Uncharacterized protein,CGI_10027320,Crassostrea gigas (Pacific oyster) (Crassostrea angulata),1545,signal transduction [GO:0007165]
K1PM59,K1PM59_CRAGI,unreviewed,DNA/RNA-binding protein KIN17,CGI_10001441,Crassostrea gigas (Pacific oyster) (Crassostrea angulata),411,nucleic acid binding [GO:0003676]
K1QC34,K1QC34_CRAGI,unreviewed,NACHT and WD repeat domain-containing protein 1,CGI_10025782,Crassostrea gigas (Pacific oyster) (Crassostrea angulata),1752,
K1QJE3,K1QJE3_CRAGI,unreviewed,Forkhead-associated domain-containing protein 1,CGI_10014985,Crassostrea gigas (Pacific oyster) (Crassostrea angulata),1386,
K1R8M3,K1R8M3_CRAGI,unreviewed,Mediator of RNA polymerase II transcription subunit 26,CGI_10021818,Crassostrea gigas (Pacific oyster) (Crassostrea angulata),650,nucleus [GO:0005634]
K1PQQ9,K1PQQ9_CRAGI,unreviewed,Pyroglutamylated RFamide peptide receptor,CGI_10004377,Crassostrea gigas (Pacific oyster) (Crassostrea angulata),406,integral component of membrane [GO:0016021]; neuropeptide Y receptor activity [GO:0004983]
K1P317,K1P317_CRAGI,unreviewed,Uncharacterized protein,CGI_10014645,Crassostrea gigas (Pacific oyster) (Crassostrea angulata),676,
K1PPR2,K1PPR2_CRAGI,unreviewed,Uncharacterized protein,CGI_10011919,Crassostrea gigas (Pacific oyster) (Crassostrea angulata),963,
K1Q996,K1Q996_CRAGI,unreviewed,Neuronal acetylcholine receptor subunit alpha-6,CGI_10008612,Crassostrea gigas (Pacific oyster) (Crassostrea angulata),562,integral component of membrane [GO:0016021]; extracellular ligand-gated ion channel activity [GO:0005230]
K1QLS4,K1QLS4_CRAGI,unreviewed,Uncharacterized protein,CGI_10015342,Crassostrea gigas (Pacific oyster) (Crassostrea angulata),386,
K1RAQ3,K1RAQ3_CRAGI,unreviewed,Caveolin,CGI_10028716,Crassostrea gigas (Pacific oyster) (Crassostrea angulata),124,caveola [GO:0005901]; Golgi membrane [GO:0000139]; integral component of membrane [GO:0016021]; caveola assembly [GO:0070836]
K1QQJ2,K1QQJ2_CRAGI,unreviewed,Caveolin,CGI_10028715,Crassostrea gigas (Pacific oyster) (Crassostrea angulata),129,caveola [GO:0005901]; Golgi membrane [GO:0000139]; integral component of membrane [GO:0016021]; caveola assembly [GO:0070836]
K1PXB3,K1PXB3_CRAGI,unreviewed,Ankyrin-3,CGI_10016690,Crassostrea gigas (Pacific oyster) (Crassostrea angulata),481,intracellular [GO:0005622]; intracellular signal transduction [GO:0035556]
K1PXU9,K1PXU9_CRAGI,unreviewed,Uncharacterized protein,CGI_10010046,Crassostrea gigas (Pacific oyster) (Crassostrea angulata),413,
K1QYR2,K1QYR2_CRAGI,unreviewed,Astacin-like metalloendopeptidase,CGI_10026643,Crassostrea gigas (Pacific oyster) (Crassostrea angulata),812,intracellular [GO:0005622]; zinc ion binding [GO:0008270]
K1PVB4,K1PVB4_CRAGI,unreviewed,Uncharacterized protein,CGI_10021602,Crassostrea gigas (Pacific oyster) (Crassostrea angulata),59,
K1Q6X2,K1Q6X2_CRAGI,unreviewed,Uncharacterized protein,CGI_10026040,Crassostrea gigas (Pacific oyster) (Crassostrea angulata),78,
K1R6C4,K1R6C4_CRAGI,unreviewed,Sodium-dependent phosphate transport protein 2B,CGI_10019439,Crassostrea gigas (Pacific oyster) (Crassostrea angulata),597,integral component of membrane [GO:0016021]; sodium-dependent phosphate transmembrane transporter activity [GO:0015321]
K1RLH2,K1RLH2_CRAGI,unreviewed,Cytosolic Fe-S cluster assembly factor NARFL,CGI_10008280,Crassostrea gigas (Pacific oyster) (Crassostrea angulata),612,integral component of membrane [GO:0016021]; extracellular ligand-gated ion channel activity [GO:0005230]
K1Q2S7,K1Q2S7_CRAGI,unreviewed,Serine/threonine-protein phosphatase 2A regulatory subunit B'' subunit gamma,CGI_10017613,Crassostrea gigas (Pacific oyster) (Crassostrea angulata),454,
K1QPL2,K1QPL2_CRAGI,unreviewed,Melatonin receptor type 1B,CGI_10018656,Crassostrea gigas (Pacific oyster) (Crassostrea angulata),375,integral component of membrane [GO:0016021]; G-protein coupled receptor activity [GO:0004930]
K1QQG5,K1QQG5_CRAGI,unreviewed,Uncharacterized protein,CGI_10024612,Crassostrea gigas (Pacific oyster) (Crassostrea angulata),250,signal transduction [GO:0007165]
K1PFT1,K1PFT1_CRAGI,unreviewed,Tribbles-like protein 2,CGI_10001538,Crassostrea gigas (Pacific oyster) (Crassostrea angulata),341,ATP binding [GO:0005524]; protein kinase activity [GO:0004672]
K1QUK1,K1QUK1_CRAGI,unreviewed,Ubiquitin fusion degradation protein 1-like protein,CGI_10023237,Crassostrea gigas (Pacific oyster) (Crassostrea angulata),692,integral component of membrane [GO:0016021]; ubiquitin-dependent protein catabolic process [GO:0006511]
K1PKM8,K1PKM8_CRAGI,unreviewed,Calmodulin,CGI_10024380,Crassostrea gigas (Pacific oyster) (Crassostrea angulata),181,calcium ion binding [GO:0005509]
K1QSP7,K1QSP7_CRAGI,unreviewed,Thyroid transcription factor 1-associated protein 26,CGI_10014190,Crassostrea gigas (Pacific oyster) (Crassostrea angulata),166,
K1PAB7,K1PAB7_CRAGI,unreviewed,Protein HEXIM1,CGI_10013052,Crassostrea gigas (Pacific oyster) (Crassostrea angulata),280,cytoplasm [GO:0005737]; nucleus [GO:0005634]; cyclin-dependent protein serine/threonine kinase inhibitor activity [GO:0004861]; snRNA binding [GO:0017069]; negative regulation of transcription from RNA polymerase II promoter [GO:0000122]
K1QSR3,K1QSR3_CRAGI,unreviewed,Caprin-2,CGI_10015043,Crassostrea gigas (Pacific oyster) (Crassostrea angulata),143,
K1PDE1,K1PDE1_CRAGI,unreviewed,WD repeat-containing protein C10orf79,CGI_10003145,Crassostrea gigas (Pacific oyster) (Crassostrea angulata),1770,
K1PJT0,K1PJT0_CRAGI,unreviewed,"Isochorismatase domain-containing protein 2, mitochondrial",CGI_10003157,Crassostrea gigas (Pacific oyster) (Crassostrea angulata),204,catalytic activity [GO:0003824]; metabolic process [GO:0008152]
K1RY19,K1RY19_CRAGI,unreviewed,Uncharacterized protein CXorf65-like protein,CGI_10006638,Crassostrea gigas (Pacific oyster) (Crassostrea angulata),155,
K1PBT3,K1PBT3_CRAGI,unreviewed,Heparan sulfate glucosamine 3-O-sulfotransferase 3B1,CGI_10010236,Crassostrea gigas (Pacific oyster) (Crassostrea angulata),390,sulfotransferase activity [GO:0008146]
K1R5G2,K1R5G2_CRAGI,unreviewed,Endonuclease VIII-like 1,CGI_10024283,Crassostrea gigas (Pacific oyster) (Crassostrea angulata),411,"damaged DNA binding [GO:0003684]; DNA-(apurinic or apyrimidinic site) lyase activity [GO:0003906]; hydrolase activity, hydrolyzing N-glycosyl compounds [GO:0016799]; zinc ion binding [GO:0008270]; base-excision repair [GO:0006284]; nucleotide-excision repair [GO:0006289]"
K1QJV9,K1QJV9_CRAGI,unreviewed,BTB/POZ domain-containing protein KCTD16,CGI_10024288,Crassostrea gigas (Pacific oyster) (Crassostrea angulata),263,protein homooligomerization [GO:0051260]
K1R2Z6,K1R2Z6_CRAGI,unreviewed,Sialin,CGI_10026097,Crassostrea gigas (Pacific oyster) (Crassostrea angulata),504,integral component of membrane [GO:0016021]; transmembrane transport [GO:0055085]
K1RDA5,K1RDA5_CRAGI,unreviewed,"Rhodopsin, GQ-coupled",CGI_10013437,Crassostrea gigas (Pacific oyster) (Crassostrea angulata),389,integral component of membrane [GO:0016021]; G-protein coupled receptor activity [GO:0004930]
K1PS25,K1PS25_CRAGI,unreviewed,Uncharacterized protein,CGI_10009205,Crassostrea gigas (Pacific oyster) (Crassostrea angulata),450,
K1QAC9,K1QAC9_CRAGI,unreviewed,Putative transcription factor PML,CGI_10017739,Crassostrea gigas (Pacific oyster) (Crassostrea angulata),671,intracellular [GO:0005622]; zinc ion binding [GO:0008270]
K1R0S1,K1R0S1_CRAGI,unreviewed,Growth arrest-specific protein 8,CGI_10025994,Crassostrea gigas (Pacific oyster) (Crassostrea angulata),486,motile cilium [GO:0031514]; cell motility [GO:0048870]
K1QSB0,K1QSB0_CRAGI,unreviewed,"Fructose-1,6-bisphosphatase 1",CGI_10006343,Crassostrea gigas (Pacific oyster) (Crassostrea angulata),337,"fructose 1,6-bisphosphate 1-phosphatase activity [GO:0042132]; carbohydrate metabolic process [GO:0005975]"
K1PJE2,K1PJE2_CRAGI,unreviewed,Ammonium transporter Rh type B-A,CGI_10003369,Crassostrea gigas (Pacific oyster) (Crassostrea angulata),467,integral component of membrane [GO:0016021]; ammonium transmembrane transporter activity [GO:0008519]
K1QBN5,K1QBN5_CRAGI,unreviewed,Uncharacterized protein,CGI_10006591,Crassostrea gigas (Pacific oyster) (Crassostrea angulata),502,
K1PSR4,K1PSR4_CRAGI,unreviewed,Laminin subunit beta-1,CGI_10010695,Crassostrea gigas (Pacific oyster) (Crassostrea angulata),358,
K1PYP0,K1PYP0_CRAGI,unreviewed,T-cell acute lymphocytic leukemia protein 1,CGI_10003531,Crassostrea gigas (Pacific oyster) (Crassostrea angulata),219,protein dimerization activity [GO:0046983]
K1QFU8,K1QFU8_CRAGI,unreviewed,Amidase,CGI_10022174,Crassostrea gigas (Pacific oyster) (Crassostrea angulata),675,amidase activity [GO:0004040]
K1QMY7,K1QMY7_CRAGI,unreviewed,Uncharacterized protein,CGI_10020394,Crassostrea gigas (Pacific oyster) (Crassostrea angulata),785,integral component of membrane [GO:0016021]; response to biotic stimulus [GO:0009607]
K1PMF1,K1PMF1_CRAGI,unreviewed,Krueppel-like factor 5,CGI_10000441,Crassostrea gigas (Pacific oyster) (Crassostrea angulata),473,nucleic acid binding [GO:0003676]
K1R8T3,K1R8T3_CRAGI,unreviewed,Uncharacterized protein,CGI_10027977,Crassostrea gigas (Pacific oyster) (Crassostrea angulata),1024,signal transduction [GO:0007165]
K1PH08,K1PH08_CRAGI,unreviewed,Otopetrin-1,CGI_10013618,Crassostrea gigas (Pacific oyster) (Crassostrea angulata),634,integral component of membrane [GO:0016021]
K1QVM0,K1QVM0_CRAGI,unreviewed,Uncharacterized protein,CGI_10004139,Crassostrea gigas (Pacific oyster) (Crassostrea angulata),401,
K1RDR5,K1RDR5_CRAGI,unreviewed,A disintegrin and metalloproteinase with thrombospondin motifs 2,CGI_10020043,Crassostrea gigas (Pacific oyster) (Crassostrea angulata),1226,integral component of membrane [GO:0016021]; metalloendopeptidase activity [GO:0004222]; zinc ion binding [GO:0008270]; integrin-mediated signaling pathway [GO:0007229]
K1RBD2,K1RBD2_CRAGI,unreviewed,Uncharacterized protein,CGI_10018035,Crassostrea gigas (Pacific oyster) (Crassostrea angulata),503,integral component of membrane [GO:0016021]
K1R833,K1R833_CRAGI,unreviewed,Tachykinin-like peptide receptor 86C,CGI_10009130,Crassostrea gigas (Pacific oyster) (Crassostrea angulata),429,integral component of membrane [GO:0016021]; G-protein coupled receptor activity [GO:0004930]
K1QDY5,K1QDY5_CRAGI,unreviewed,Uncharacterized protein,CGI_10014608,Crassostrea gigas (Pacific oyster) (Crassostrea angulata),410,
K1PW64,K1PW64_CRAGI,unreviewed,Uncharacterized protein,CGI_10005871,Crassostrea gigas (Pacific oyster) (Crassostrea angulata),92,
K1QGH8,K1QGH8_CRAGI,unreviewed,Uncharacterized protein,CGI_10005636,Crassostrea gigas (Pacific oyster) (Crassostrea angulata),240,
K1R7X1,K1R7X1_CRAGI,unreviewed,Transducin beta-like protein 3,CGI_10020641,Crassostrea gigas (Pacific oyster) (Crassostrea angulata),1106,small-subunit processome [GO:0032040]; rRNA processing [GO:0006364]
K1PV73,K1PV73_CRAGI,unreviewed,Pyridoxal phosphate phosphatase PHOSPHO2,CGI_10000713,Crassostrea gigas (Pacific oyster) (Crassostrea angulata),247,phosphatase activity [GO:0016791]
K1QIR0,K1QIR0_CRAGI,unreviewed,Iroquois-class homeodomain protein IRX-6,CGI_10020098,Crassostrea gigas (Pacific oyster) (Crassostrea angulata),505,"nucleus [GO:0005634]; sequence-specific DNA binding [GO:0043565]; regulation of transcription, DNA-templated [GO:0006355]"
K1Q611,K1Q611_CRAGI,unreviewed,Uncharacterized protein,CGI_10010438,Crassostrea gigas (Pacific oyster) (Crassostrea angulata),362,
K1Q9C1,K1Q9C1_CRAGI,unreviewed,"Zinc finger protein 64-like protein, isoforms 1 and 2",CGI_10017716,Crassostrea gigas (Pacific oyster) (Crassostrea angulata),639,nucleic acid binding [GO:0003676]
K1PRJ3,K1PRJ3_CRAGI,unreviewed,Metalloreductase STEAP2,CGI_10003627,Crassostrea gigas (Pacific oyster) (Crassostrea angulata),497,integral component of membrane [GO:0016021]
K1PQ59,K1PQ59_CRAGI,unreviewed,Uncharacterized protein,CGI_10004837,Crassostrea gigas (Pacific oyster) (Crassostrea angulata),197,
K1QHD3,K1QHD3_CRAGI,unreviewed,"Dynein light chain 4, axonemal",CGI_10004520,Crassostrea gigas (Pacific oyster) (Crassostrea angulata),105,dynein complex [GO:0030286]; microtubule-based process [GO:0007017]
K1R8S3,K1R8S3_CRAGI,unreviewed,Uncharacterized protein,CGI_10013488,Crassostrea gigas (Pacific oyster) (Crassostrea angulata),179,
K1QCH6,K1QCH6_CRAGI,unreviewed,Uncharacterized protein,CGI_10009276,Crassostrea gigas (Pacific oyster) (Crassostrea angulata),107,